<clones>
<systeminfo processor="nicad6" system="adware_beauty1" granularity="functions-blind" threshold="30%" minlines="10" maxlines="2500"/>
<cloneinfo npcs="1109" npairs="733"/>
<runinfo ncompares="23282" cputime="178190"/>
<classinfo nclasses="62"/>

<class classid="1" nclones="2" nlines="15" similarity="100">
<source file="systems/adware_beauty1/8 Ball Pool/api/PurchaseHistoryRecord.java" startline="24" endline="40" pcid="17"></source>
<source file="systems/adware_beauty1/8 Ball Pool/api/Purchase.java" startline="26" endline="42" pcid="37"></source>
</class>

<class classid="2" nclones="2" nlines="21" similarity="100">
<source file="systems/adware_beauty1/8 Ball Pool/api/BillingFlowParams.java" startline="605" endline="624" pcid="100"></source>
<source file="systems/adware_beauty1/8 Ball Pool/api/BillingFlowParams.java" startline="666" endline="685" pcid="107"></source>
</class>

<class classid="3" nclones="2" nlines="11" similarity="100">
<source file="systems/adware_beauty1/8 Ball Pool/api/QueryProductDetailsParams.java" startline="74" endline="85" pcid="222"></source>
<source file="systems/adware_beauty1/8 Ball Pool/api/QueryProductDetailsParams.java" startline="106" endline="117" pcid="226"></source>
</class>

<class classid="4" nclones="4" nlines="16" similarity="100">
<source file="systems/adware_beauty1/com/tencent/bugly/legu/a.java" startline="18" endline="32" pcid="292"></source>
<source file="systems/adware_beauty1/com/tencent/bugly/legu/a.java" startline="34" endline="48" pcid="293"></source>
<source file="systems/adware_beauty1/samples/case1/a.java" startline="34" endline="48" pcid="1017"></source>
<source file="systems/adware_beauty1/samples/case1/a.java" startline="18" endline="32" pcid="1016"></source>
</class>

<class classid="5" nclones="2" nlines="14" similarity="100">
<source file="systems/adware_beauty1/com/tencent/bugly/legu/crashreport/crash/d.java" startline="22" endline="34" pcid="331"></source>
<source file="systems/adware_beauty1/samples/case2/d.java" startline="22" endline="34" pcid="978"></source>
</class>

<class classid="6" nclones="4" nlines="11" similarity="85">
<source file="systems/adware_beauty1/com/tencent/bugly/legu/crashreport/crash/d.java" startline="43" endline="52" pcid="334"></source>
<source file="systems/adware_beauty1/samples/case2/d.java" startline="65" endline="74" pcid="985"></source>
<source file="systems/adware_beauty1/samples/case2/d.java" startline="43" endline="52" pcid="981"></source>
<source file="systems/adware_beauty1/com/tencent/bugly/legu/crashreport/crash/d.java" startline="65" endline="74" pcid="338"></source>
</class>

<class classid="7" nclones="2" nlines="11" similarity="100">
<source file="systems/adware_beauty1/com/tencent/bugly/legu/crashreport/crash/d.java" startline="54" endline="63" pcid="336"></source>
<source file="systems/adware_beauty1/samples/case2/d.java" startline="54" endline="63" pcid="983"></source>
</class>

<class classid="8" nclones="2" nlines="121" similarity="100">
<source file="systems/adware_beauty1/com/tencent/bugly/legu/crashreport/crash/jni/b.java" startline="245" endline="378" pcid="381"></source>
<source file="systems/adware_beauty1/samples/case3/b.java" startline="245" endline="378" pcid="989"></source>
</class>

<class classid="9" nclones="2" nlines="15" similarity="100">
<source file="systems/adware_beauty1/com/tencent/bugly/legu/crashreport/crash/jni/b.java" startline="380" endline="396" pcid="382"></source>
<source file="systems/adware_beauty1/samples/case3/b.java" startline="380" endline="396" pcid="990"></source>
</class>

<class classid="10" nclones="2" nlines="18" similarity="100">
<source file="systems/adware_beauty1/com/tencent/bugly/legu/crashreport/crash/jni/b.java" startline="398" endline="417" pcid="383"></source>
<source file="systems/adware_beauty1/samples/case3/b.java" startline="398" endline="417" pcid="991"></source>
</class>

<class classid="11" nclones="2" nlines="11" similarity="100">
<source file="systems/adware_beauty1/com/tencent/bugly/legu/crashreport/crash/jni/b.java" startline="560" endline="570" pcid="393"></source>
<source file="systems/adware_beauty1/samples/case3/b.java" startline="560" endline="570" pcid="1001"></source>
</class>

<class classid="12" nclones="2" nlines="83" similarity="100">
<source file="systems/adware_beauty1/com/tencent/bugly/legu/crashreport/crash/jni/b.java" startline="572" endline="654" pcid="394"></source>
<source file="systems/adware_beauty1/samples/case3/b.java" startline="572" endline="654" pcid="1002"></source>
</class>

<class classid="13" nclones="2" nlines="22" similarity="100">
<source file="systems/adware_beauty1/com/tencent/bugly/legu/crashreport/crash/jni/b.java" startline="675" endline="696" pcid="397"></source>
<source file="systems/adware_beauty1/samples/case3/b.java" startline="675" endline="696" pcid="1005"></source>
</class>

<class classid="14" nclones="2" nlines="14" similarity="100">
<source file="systems/adware_beauty1/com/tencent/bugly/legu/crashreport/crash/jni/b.java" startline="704" endline="717" pcid="399"></source>
<source file="systems/adware_beauty1/samples/case3/b.java" startline="704" endline="717" pcid="1007"></source>
</class>

<class classid="15" nclones="14" nlines="17" similarity="92">
<source file="systems/adware_beauty1/com/tencent/bugly/legu/crashreport/crash/jni/b.java" startline="719" endline="736" pcid="400"></source>
<source file="systems/adware_beauty1/com/tencent/bugly/legu/crashreport/crash/jni/b.java" startline="795" endline="812" pcid="404"></source>
<source file="systems/adware_beauty1/samples/case3/b.java" startline="833" endline="850" pcid="1014"></source>
<source file="systems/adware_beauty1/samples/case3/b.java" startline="757" endline="774" pcid="1010"></source>
<source file="systems/adware_beauty1/samples/case3/b.java" startline="738" endline="755" pcid="1009"></source>
<source file="systems/adware_beauty1/com/tencent/bugly/legu/crashreport/crash/jni/b.java" startline="814" endline="831" pcid="405"></source>
<source file="systems/adware_beauty1/com/tencent/bugly/legu/crashreport/crash/jni/b.java" startline="738" endline="755" pcid="401"></source>
<source file="systems/adware_beauty1/samples/case3/b.java" startline="814" endline="831" pcid="1013"></source>
<source file="systems/adware_beauty1/com/tencent/bugly/legu/crashreport/crash/jni/b.java" startline="833" endline="850" pcid="406"></source>
<source file="systems/adware_beauty1/samples/case3/b.java" startline="795" endline="812" pcid="1012"></source>
<source file="systems/adware_beauty1/com/tencent/bugly/legu/crashreport/crash/jni/b.java" startline="757" endline="774" pcid="402"></source>
<source file="systems/adware_beauty1/samples/case3/b.java" startline="776" endline="793" pcid="1011"></source>
<source file="systems/adware_beauty1/com/tencent/bugly/legu/crashreport/crash/jni/b.java" startline="776" endline="793" pcid="403"></source>
<source file="systems/adware_beauty1/samples/case3/b.java" startline="719" endline="736" pcid="1008"></source>
</class>

<class classid="16" nclones="4" nlines="18" similarity="100">
<source file="systems/adware_beauty1/com/tencent/bugly/legu/crashreport/CrashReport.java" startline="28" endline="47" pcid="484"></source>
<source file="systems/adware_beauty1/samples/case4/CrashReport.java" startline="28" endline="47" pcid="1068"></source>
<source file="systems/adware_beauty1/samples/case5/CrashReport.java" startline="28" endline="47" pcid="1023"></source>
<source file="systems/adware_beauty1/samples/case6/CrashReport.java" startline="28" endline="47" pcid="836"></source>
</class>

<class classid="17" nclones="4" nlines="11" similarity="100">
<source file="systems/adware_beauty1/com/tencent/bugly/legu/crashreport/CrashReport.java" startline="123" endline="133" pcid="488"></source>
<source file="systems/adware_beauty1/samples/case6/CrashReport.java" startline="123" endline="133" pcid="840"></source>
<source file="systems/adware_beauty1/samples/case5/CrashReport.java" startline="123" endline="133" pcid="1027"></source>
<source file="systems/adware_beauty1/samples/case4/CrashReport.java" startline="123" endline="133" pcid="1072"></source>
</class>

<class classid="18" nclones="8" nlines="18" similarity="80">
<source file="systems/adware_beauty1/com/tencent/bugly/legu/crashreport/CrashReport.java" startline="278" endline="294" pcid="494"></source>
<source file="systems/adware_beauty1/samples/case6/CrashReport.java" startline="666" endline="685" pcid="859"></source>
<source file="systems/adware_beauty1/samples/case4/CrashReport.java" startline="278" endline="294" pcid="1078"></source>
<source file="systems/adware_beauty1/samples/case6/CrashReport.java" startline="278" endline="294" pcid="846"></source>
<source file="systems/adware_beauty1/samples/case5/CrashReport.java" startline="278" endline="294" pcid="1033"></source>
<source file="systems/adware_beauty1/samples/case5/CrashReport.java" startline="666" endline="685" pcid="1046"></source>
<source file="systems/adware_beauty1/samples/case4/CrashReport.java" startline="666" endline="685" pcid="1091"></source>
<source file="systems/adware_beauty1/com/tencent/bugly/legu/crashreport/CrashReport.java" startline="666" endline="685" pcid="507"></source>
</class>

<class classid="19" nclones="8" nlines="12" similarity="100">
<source file="systems/adware_beauty1/com/tencent/bugly/legu/crashreport/CrashReport.java" startline="296" endline="307" pcid="495"></source>
<source file="systems/adware_beauty1/samples/case6/CrashReport.java" startline="351" endline="362" pcid="849"></source>
<source file="systems/adware_beauty1/samples/case6/CrashReport.java" startline="296" endline="307" pcid="847"></source>
<source file="systems/adware_beauty1/com/tencent/bugly/legu/crashreport/CrashReport.java" startline="351" endline="362" pcid="497"></source>
<source file="systems/adware_beauty1/samples/case5/CrashReport.java" startline="296" endline="307" pcid="1034"></source>
<source file="systems/adware_beauty1/samples/case4/CrashReport.java" startline="351" endline="362" pcid="1081"></source>
<source file="systems/adware_beauty1/samples/case5/CrashReport.java" startline="351" endline="362" pcid="1036"></source>
<source file="systems/adware_beauty1/samples/case4/CrashReport.java" startline="296" endline="307" pcid="1079"></source>
</class>

<class classid="20" nclones="4" nlines="34" similarity="100">
<source file="systems/adware_beauty1/com/tencent/bugly/legu/crashreport/CrashReport.java" startline="581" endline="612" pcid="505"></source>
<source file="systems/adware_beauty1/samples/case6/CrashReport.java" startline="581" endline="612" pcid="857"></source>
<source file="systems/adware_beauty1/samples/case4/CrashReport.java" startline="581" endline="612" pcid="1089"></source>
<source file="systems/adware_beauty1/samples/case5/CrashReport.java" startline="581" endline="612" pcid="1044"></source>
</class>

<class classid="21" nclones="4" nlines="49" similarity="100">
<source file="systems/adware_beauty1/com/tencent/bugly/legu/crashreport/CrashReport.java" startline="614" endline="664" pcid="506"></source>
<source file="systems/adware_beauty1/samples/case5/CrashReport.java" startline="614" endline="664" pcid="1045"></source>
<source file="systems/adware_beauty1/samples/case4/CrashReport.java" startline="614" endline="664" pcid="1090"></source>
<source file="systems/adware_beauty1/samples/case6/CrashReport.java" startline="614" endline="664" pcid="858"></source>
</class>

<class classid="22" nclones="4" nlines="15" similarity="100">
<source file="systems/adware_beauty1/com/tencent/bugly/legu/crashreport/CrashReport.java" startline="687" endline="701" pcid="508"></source>
<source file="systems/adware_beauty1/samples/case6/CrashReport.java" startline="687" endline="701" pcid="860"></source>
<source file="systems/adware_beauty1/samples/case4/CrashReport.java" startline="687" endline="701" pcid="1092"></source>
<source file="systems/adware_beauty1/samples/case5/CrashReport.java" startline="687" endline="701" pcid="1047"></source>
</class>

<class classid="23" nclones="8" nlines="17" similarity="100">
<source file="systems/adware_beauty1/com/tencent/bugly/legu/crashreport/CrashReport.java" startline="722" endline="737" pcid="510"></source>
<source file="systems/adware_beauty1/com/tencent/bugly/legu/crashreport/CrashReport.java" startline="739" endline="754" pcid="511"></source>
<source file="systems/adware_beauty1/samples/case4/CrashReport.java" startline="722" endline="737" pcid="1094"></source>
<source file="systems/adware_beauty1/samples/case4/CrashReport.java" startline="739" endline="754" pcid="1095"></source>
<source file="systems/adware_beauty1/samples/case5/CrashReport.java" startline="739" endline="754" pcid="1050"></source>
<source file="systems/adware_beauty1/samples/case6/CrashReport.java" startline="739" endline="754" pcid="863"></source>
<source file="systems/adware_beauty1/samples/case5/CrashReport.java" startline="722" endline="737" pcid="1049"></source>
<source file="systems/adware_beauty1/samples/case6/CrashReport.java" startline="722" endline="737" pcid="862"></source>
</class>

<class classid="24" nclones="4" nlines="45" similarity="100">
<source file="systems/adware_beauty1/com/tencent/bugly/legu/crashreport/CrashReport.java" startline="761" endline="805" pcid="513"></source>
<source file="systems/adware_beauty1/samples/case6/CrashReport.java" startline="761" endline="805" pcid="865"></source>
<source file="systems/adware_beauty1/samples/case4/CrashReport.java" startline="761" endline="805" pcid="1097"></source>
<source file="systems/adware_beauty1/samples/case5/CrashReport.java" startline="761" endline="805" pcid="1052"></source>
</class>

<class classid="25" nclones="4" nlines="24" similarity="100">
<source file="systems/adware_beauty1/com/tencent/bugly/legu/crashreport/CrashReport.java" startline="937" endline="961" pcid="516"></source>
<source file="systems/adware_beauty1/samples/case6/CrashReport.java" startline="937" endline="961" pcid="868"></source>
<source file="systems/adware_beauty1/samples/case4/CrashReport.java" startline="937" endline="961" pcid="1100"></source>
<source file="systems/adware_beauty1/samples/case5/CrashReport.java" startline="937" endline="961" pcid="1055"></source>
</class>

<class classid="26" nclones="4" nlines="11" similarity="100">
<source file="systems/adware_beauty1/com/tencent/bugly/legu/crashreport/CrashReport.java" startline="963" endline="973" pcid="517"></source>
<source file="systems/adware_beauty1/samples/case4/CrashReport.java" startline="963" endline="973" pcid="1101"></source>
<source file="systems/adware_beauty1/samples/case5/CrashReport.java" startline="963" endline="973" pcid="1056"></source>
<source file="systems/adware_beauty1/samples/case6/CrashReport.java" startline="963" endline="973" pcid="869"></source>
</class>

<class classid="27" nclones="4" nlines="13" similarity="100">
<source file="systems/adware_beauty1/com/tencent/bugly/legu/crashreport/CrashReport.java" startline="975" endline="988" pcid="518"></source>
<source file="systems/adware_beauty1/samples/case6/CrashReport.java" startline="975" endline="988" pcid="870"></source>
<source file="systems/adware_beauty1/samples/case4/CrashReport.java" startline="975" endline="988" pcid="1102"></source>
<source file="systems/adware_beauty1/samples/case5/CrashReport.java" startline="975" endline="988" pcid="1057"></source>
</class>

<class classid="28" nclones="16" nlines="19" similarity="75">
<source file="systems/adware_beauty1/com/tencent/bugly/legu/proguard/h.java" startline="26" endline="45" pcid="559"></source>
<source file="systems/adware_beauty1/com/tencent/bugly/legu/proguard/h.java" startline="493" endline="516" pcid="577"></source>
<source file="systems/adware_beauty1/samples/case8/h.java" startline="47" endline="64" pcid="916"></source>
<source file="systems/adware_beauty1/samples/case9/h.java" startline="493" endline="516" pcid="899"></source>
<source file="systems/adware_beauty1/com/tencent/bugly/legu/proguard/h.java" startline="47" endline="64" pcid="560"></source>
<source file="systems/adware_beauty1/samples/case7/h.java" startline="47" endline="64" pcid="810"></source>
<source file="systems/adware_beauty1/samples/case8/h.java" startline="493" endline="516" pcid="933"></source>
<source file="systems/adware_beauty1/samples/case7/h.java" startline="493" endline="516" pcid="827"></source>
<source file="systems/adware_beauty1/samples/case9/h.java" startline="26" endline="45" pcid="881"></source>
<source file="systems/adware_beauty1/samples/case9/h.java" startline="47" endline="64" pcid="882"></source>
<source file="systems/adware_beauty1/samples/case7/h.java" startline="465" endline="486" pcid="825"></source>
<source file="systems/adware_beauty1/samples/case8/h.java" startline="26" endline="45" pcid="915"></source>
<source file="systems/adware_beauty1/com/tencent/bugly/legu/proguard/h.java" startline="465" endline="486" pcid="575"></source>
<source file="systems/adware_beauty1/samples/case8/h.java" startline="465" endline="486" pcid="931"></source>
<source file="systems/adware_beauty1/samples/case9/h.java" startline="465" endline="486" pcid="897"></source>
<source file="systems/adware_beauty1/samples/case7/h.java" startline="26" endline="45" pcid="809"></source>
</class>

<class classid="29" nclones="4" nlines="10" similarity="100">
<source file="systems/adware_beauty1/com/tencent/bugly/legu/proguard/h.java" startline="66" endline="75" pcid="561"></source>
<source file="systems/adware_beauty1/samples/case8/h.java" startline="66" endline="75" pcid="917"></source>
<source file="systems/adware_beauty1/samples/case7/h.java" startline="66" endline="75" pcid="811"></source>
<source file="systems/adware_beauty1/samples/case9/h.java" startline="66" endline="75" pcid="883"></source>
</class>

<class classid="30" nclones="4" nlines="31" similarity="100">
<source file="systems/adware_beauty1/com/tencent/bugly/legu/proguard/h.java" startline="77" endline="110" pcid="562"></source>
<source file="systems/adware_beauty1/samples/case7/h.java" startline="77" endline="110" pcid="812"></source>
<source file="systems/adware_beauty1/samples/case9/h.java" startline="77" endline="110" pcid="884"></source>
<source file="systems/adware_beauty1/samples/case8/h.java" startline="77" endline="110" pcid="918"></source>
</class>

<class classid="31" nclones="4" nlines="65" similarity="100">
<source file="systems/adware_beauty1/com/tencent/bugly/legu/proguard/h.java" startline="120" endline="186" pcid="564"></source>
<source file="systems/adware_beauty1/samples/case7/h.java" startline="120" endline="186" pcid="814"></source>
<source file="systems/adware_beauty1/samples/case8/h.java" startline="120" endline="186" pcid="920"></source>
<source file="systems/adware_beauty1/samples/case9/h.java" startline="120" endline="186" pcid="886"></source>
</class>

<class classid="32" nclones="4" nlines="23" similarity="100">
<source file="systems/adware_beauty1/com/tencent/bugly/legu/proguard/h.java" startline="188" endline="211" pcid="565"></source>
<source file="systems/adware_beauty1/samples/case9/h.java" startline="188" endline="211" pcid="887"></source>
<source file="systems/adware_beauty1/samples/case8/h.java" startline="188" endline="211" pcid="921"></source>
<source file="systems/adware_beauty1/samples/case7/h.java" startline="188" endline="211" pcid="815"></source>
</class>

<class classid="33" nclones="4" nlines="31" similarity="100">
<source file="systems/adware_beauty1/com/tencent/bugly/legu/proguard/h.java" startline="219" endline="250" pcid="567"></source>
<source file="systems/adware_beauty1/samples/case7/h.java" startline="219" endline="250" pcid="817"></source>
<source file="systems/adware_beauty1/samples/case9/h.java" startline="219" endline="250" pcid="889"></source>
<source file="systems/adware_beauty1/samples/case8/h.java" startline="219" endline="250" pcid="923"></source>
</class>

<class classid="34" nclones="4" nlines="29" similarity="100">
<source file="systems/adware_beauty1/com/tencent/bugly/legu/proguard/h.java" startline="252" endline="281" pcid="568"></source>
<source file="systems/adware_beauty1/samples/case8/h.java" startline="252" endline="281" pcid="924"></source>
<source file="systems/adware_beauty1/samples/case7/h.java" startline="252" endline="281" pcid="818"></source>
<source file="systems/adware_beauty1/samples/case9/h.java" startline="252" endline="281" pcid="890"></source>
</class>

<class classid="35" nclones="20" nlines="31" similarity="88">
<source file="systems/adware_beauty1/com/tencent/bugly/legu/proguard/h.java" startline="283" endline="313" pcid="569"></source>
<source file="systems/adware_beauty1/samples/case9/h.java" startline="411" endline="441" pcid="895"></source>
<source file="systems/adware_beauty1/samples/case7/h.java" startline="347" endline="377" pcid="821"></source>
<source file="systems/adware_beauty1/samples/case7/h.java" startline="315" endline="345" pcid="820"></source>
<source file="systems/adware_beauty1/samples/case9/h.java" startline="379" endline="409" pcid="894"></source>
<source file="systems/adware_beauty1/samples/case9/h.java" startline="315" endline="345" pcid="892"></source>
<source file="systems/adware_beauty1/samples/case9/h.java" startline="283" endline="313" pcid="891"></source>
<source file="systems/adware_beauty1/samples/case7/h.java" startline="283" endline="313" pcid="819"></source>
<source file="systems/adware_beauty1/samples/case9/h.java" startline="347" endline="377" pcid="893"></source>
<source file="systems/adware_beauty1/com/tencent/bugly/legu/proguard/h.java" startline="315" endline="345" pcid="570"></source>
<source file="systems/adware_beauty1/samples/case7/h.java" startline="379" endline="409" pcid="822"></source>
<source file="systems/adware_beauty1/samples/case8/h.java" startline="411" endline="441" pcid="929"></source>
<source file="systems/adware_beauty1/samples/case7/h.java" startline="411" endline="441" pcid="823"></source>
<source file="systems/adware_beauty1/com/tencent/bugly/legu/proguard/h.java" startline="379" endline="409" pcid="572"></source>
<source file="systems/adware_beauty1/samples/case8/h.java" startline="379" endline="409" pcid="928"></source>
<source file="systems/adware_beauty1/com/tencent/bugly/legu/proguard/h.java" startline="411" endline="441" pcid="573"></source>
<source file="systems/adware_beauty1/samples/case8/h.java" startline="283" endline="313" pcid="925"></source>
<source file="systems/adware_beauty1/com/tencent/bugly/legu/proguard/h.java" startline="347" endline="377" pcid="571"></source>
<source file="systems/adware_beauty1/samples/case8/h.java" startline="315" endline="345" pcid="926"></source>
<source file="systems/adware_beauty1/samples/case8/h.java" startline="347" endline="377" pcid="927"></source>
</class>

<class classid="36" nclones="8" nlines="21" similarity="75">
<source file="systems/adware_beauty1/com/tencent/bugly/legu/proguard/h.java" startline="443" endline="463" pcid="574"></source>
<source file="systems/adware_beauty1/samples/case7/h.java" startline="443" endline="463" pcid="824"></source>
<source file="systems/adware_beauty1/com/tencent/bugly/legu/proguard/h.java" startline="803" endline="826" pcid="581"></source>
<source file="systems/adware_beauty1/samples/case9/h.java" startline="443" endline="463" pcid="896"></source>
<source file="systems/adware_beauty1/samples/case9/h.java" startline="803" endline="826" pcid="903"></source>
<source file="systems/adware_beauty1/samples/case8/h.java" startline="443" endline="463" pcid="930"></source>
<source file="systems/adware_beauty1/samples/case7/h.java" startline="803" endline="826" pcid="831"></source>
<source file="systems/adware_beauty1/samples/case8/h.java" startline="803" endline="826" pcid="937"></source>
</class>

<class classid="37" nclones="4" nlines="19" similarity="100">
<source file="systems/adware_beauty1/com/tencent/bugly/legu/proguard/h.java" startline="518" endline="538" pcid="578"></source>
<source file="systems/adware_beauty1/samples/case8/h.java" startline="518" endline="538" pcid="934"></source>
<source file="systems/adware_beauty1/samples/case7/h.java" startline="518" endline="538" pcid="828"></source>
<source file="systems/adware_beauty1/samples/case9/h.java" startline="518" endline="538" pcid="900"></source>
</class>

<class classid="38" nclones="4" nlines="41" similarity="100">
<source file="systems/adware_beauty1/com/tencent/bugly/legu/proguard/h.java" startline="841" endline="884" pcid="584"></source>
<source file="systems/adware_beauty1/samples/case8/h.java" startline="841" endline="884" pcid="940"></source>
<source file="systems/adware_beauty1/samples/case7/h.java" startline="841" endline="884" pcid="834"></source>
<source file="systems/adware_beauty1/samples/case9/h.java" startline="841" endline="884" pcid="906"></source>
</class>

<class classid="39" nclones="4" nlines="38" similarity="100">
<source file="systems/adware_beauty1/com/tencent/bugly/legu/proguard/h.java" startline="886" endline="927" pcid="585"></source>
<source file="systems/adware_beauty1/samples/case7/h.java" startline="886" endline="927" pcid="835"></source>
<source file="systems/adware_beauty1/samples/case9/h.java" startline="886" endline="927" pcid="907"></source>
<source file="systems/adware_beauty1/samples/case8/h.java" startline="886" endline="927" pcid="941"></source>
</class>

<class classid="40" nclones="2" nlines="27" similarity="100">
<source file="systems/adware_beauty1/com/tencent/bugly/legu/proguard/am.java" startline="63" endline="89" pcid="586"></source>
<source file="systems/adware_beauty1/samples/case10/am.java" startline="63" endline="89" pcid="908"></source>
</class>

<class classid="41" nclones="4" nlines="25" similarity="76">
<source file="systems/adware_beauty1/com/tencent/bugly/legu/proguard/am.java" startline="91" endline="131" pcid="587"></source>
<source file="systems/adware_beauty1/samples/case10/ak.java" startline="103" endline="141" pcid="911"></source>
<source file="systems/adware_beauty1/samples/case10/am.java" startline="91" endline="131" pcid="909"></source>
<source file="systems/adware_beauty1/com/tencent/bugly/legu/proguard/ak.java" startline="103" endline="141" pcid="734"></source>
</class>

<class classid="42" nclones="6" nlines="11" similarity="70">
<source file="systems/adware_beauty1/com/tencent/bugly/legu/proguard/aq.java" startline="29" endline="39" pcid="644"></source>
<source file="systems/adware_beauty1/com/tencent/bugly/legu/proguard/an.java" startline="31" endline="41" pcid="648"></source>
<source file="systems/adware_beauty1/samples/case12/an.java" startline="31" endline="41" pcid="957"></source>
<source file="systems/adware_beauty1/samples/case11/an.java" startline="31" endline="41" pcid="965"></source>
<source file="systems/adware_beauty1/samples/case11/aq.java" startline="29" endline="39" pcid="963"></source>
<source file="systems/adware_beauty1/samples/case12/aq.java" startline="29" endline="39" pcid="955"></source>
</class>

<class classid="43" nclones="6" nlines="10" similarity="88">
<source file="systems/adware_beauty1/com/tencent/bugly/legu/proguard/aq.java" startline="41" endline="55" pcid="645"></source>
<source file="systems/adware_beauty1/samples/case11/an.java" startline="43" endline="57" pcid="966"></source>
<source file="systems/adware_beauty1/com/tencent/bugly/legu/proguard/an.java" startline="43" endline="57" pcid="649"></source>
<source file="systems/adware_beauty1/samples/case12/an.java" startline="43" endline="57" pcid="958"></source>
<source file="systems/adware_beauty1/samples/case12/aq.java" startline="41" endline="55" pcid="956"></source>
<source file="systems/adware_beauty1/samples/case11/aq.java" startline="41" endline="55" pcid="964"></source>
</class>

<class classid="44" nclones="6" nlines="11" similarity="75">
<source file="systems/adware_beauty1/com/tencent/bugly/legu/proguard/ac.java" startline="9" endline="18" pcid="646"></source>
<source file="systems/adware_beauty1/samples/case13/ad.java" startline="10" endline="22" pcid="1021"></source>
<source file="systems/adware_beauty1/samples/case14/ad.java" startline="10" endline="22" pcid="961"></source>
<source file="systems/adware_beauty1/com/tencent/bugly/legu/proguard/ad.java" startline="10" endline="22" pcid="679"></source>
<source file="systems/adware_beauty1/samples/case13/ac.java" startline="9" endline="18" pcid="1019"></source>
<source file="systems/adware_beauty1/samples/case14/ac.java" startline="9" endline="18" pcid="959"></source>
</class>

<class classid="45" nclones="6" nlines="20" similarity="78">
<source file="systems/adware_beauty1/com/tencent/bugly/legu/proguard/ac.java" startline="20" endline="38" pcid="647"></source>
<source file="systems/adware_beauty1/samples/case14/ac.java" startline="20" endline="38" pcid="960"></source>
<source file="systems/adware_beauty1/com/tencent/bugly/legu/proguard/ad.java" startline="24" endline="46" pcid="680"></source>
<source file="systems/adware_beauty1/samples/case13/ad.java" startline="24" endline="46" pcid="1022"></source>
<source file="systems/adware_beauty1/samples/case13/ac.java" startline="20" endline="38" pcid="1020"></source>
<source file="systems/adware_beauty1/samples/case14/ad.java" startline="24" endline="46" pcid="962"></source>
</class>

<class classid="46" nclones="2" nlines="17" similarity="100">
<source file="systems/adware_beauty1/com/tencent/bugly/legu/proguard/ap.java" startline="49" endline="65" pcid="684"></source>
<source file="systems/adware_beauty1/samples/case15/ap.java" startline="49" endline="65" pcid="967"></source>
</class>

<class classid="47" nclones="2" nlines="14" similarity="100">
<source file="systems/adware_beauty1/com/tencent/bugly/legu/proguard/ap.java" startline="67" endline="86" pcid="685"></source>
<source file="systems/adware_beauty1/samples/case15/ap.java" startline="67" endline="86" pcid="968"></source>
</class>

<class classid="48" nclones="4" nlines="14" similarity="85">
<source file="systems/adware_beauty1/com/tencent/bugly/legu/proguard/ap.java" startline="88" endline="102" pcid="686"></source>
<source file="systems/adware_beauty1/com/tencent/bugly/legu/proguard/f.java" startline="92" endline="104" pcid="723"></source>
<source file="systems/adware_beauty1/samples/case15/f.java" startline="92" endline="104" pcid="975"></source>
<source file="systems/adware_beauty1/samples/case15/ap.java" startline="88" endline="102" pcid="969"></source>
</class>

<class classid="49" nclones="2" nlines="41" similarity="100">
<source file="systems/adware_beauty1/com/tencent/bugly/legu/proguard/ap.java" startline="113" endline="155" pcid="688"></source>
<source file="systems/adware_beauty1/samples/case15/ap.java" startline="113" endline="155" pcid="971"></source>
</class>

<class classid="50" nclones="2" nlines="10" similarity="100">
<source file="systems/adware_beauty1/com/tencent/bugly/legu/proguard/ap.java" startline="157" endline="166" pcid="689"></source>
<source file="systems/adware_beauty1/samples/case15/ap.java" startline="157" endline="166" pcid="972"></source>
</class>

<class classid="51" nclones="2" nlines="33" similarity="100">
<source file="systems/adware_beauty1/com/tencent/bugly/legu/proguard/f.java" startline="44" endline="77" pcid="721"></source>
<source file="systems/adware_beauty1/samples/case15/f.java" startline="44" endline="77" pcid="973"></source>
</class>

<class classid="52" nclones="2" nlines="12" similarity="100">
<source file="systems/adware_beauty1/com/tencent/bugly/legu/proguard/f.java" startline="79" endline="90" pcid="722"></source>
<source file="systems/adware_beauty1/samples/case15/f.java" startline="79" endline="90" pcid="974"></source>
</class>

<class classid="53" nclones="2" nlines="24" similarity="100">
<source file="systems/adware_beauty1/com/tencent/bugly/legu/proguard/ak.java" startline="78" endline="101" pcid="733"></source>
<source file="systems/adware_beauty1/samples/case10/ak.java" startline="78" endline="101" pcid="910"></source>
</class>

<class classid="54" nclones="6" nlines="13" similarity="70">
<source file="systems/adware_beauty1/com/tencent/StubShell/c.java" startline="8" endline="21" pcid="757"></source>
<source file="systems/adware_beauty1/samples/case16/c.java" startline="38" endline="51" pcid="1067"></source>
<source file="systems/adware_beauty1/com/tencent/StubShell/c.java" startline="38" endline="51" pcid="759"></source>
<source file="systems/adware_beauty1/samples/case16/c.java" startline="8" endline="21" pcid="1065"></source>
<source file="systems/adware_beauty1/samples/case16/c.java" startline="23" endline="36" pcid="1066"></source>
<source file="systems/adware_beauty1/com/tencent/StubShell/c.java" startline="23" endline="36" pcid="758"></source>
</class>

<class classid="55" nclones="2" nlines="23" similarity="100">
<source file="systems/adware_beauty1/com/tencent/StubShell/SystemClassLoaderInjector.java" startline="21" endline="42" pcid="766"></source>
<source file="systems/adware_beauty1/samples/case17/SystemClassLoaderInjector.java" startline="21" endline="42" pcid="942"></source>
</class>

<class classid="56" nclones="2" nlines="20" similarity="100">
<source file="systems/adware_beauty1/com/tencent/StubShell/SystemClassLoaderInjector.java" startline="44" endline="62" pcid="767"></source>
<source file="systems/adware_beauty1/samples/case17/SystemClassLoaderInjector.java" startline="44" endline="62" pcid="943"></source>
</class>

<class classid="57" nclones="2" nlines="23" similarity="100">
<source file="systems/adware_beauty1/com/tencent/StubShell/SystemClassLoaderInjector.java" startline="64" endline="87" pcid="768"></source>
<source file="systems/adware_beauty1/samples/case17/SystemClassLoaderInjector.java" startline="64" endline="87" pcid="944"></source>
</class>

<class classid="58" nclones="4" nlines="10" similarity="100">
<source file="systems/adware_beauty1/com/tencent/StubShell/SystemClassLoaderInjector.java" startline="103" endline="112" pcid="772"></source>
<source file="systems/adware_beauty1/com/tencent/StubShell/SystemClassLoaderInjector.java" startline="165" endline="174" pcid="777"></source>
<source file="systems/adware_beauty1/samples/case17/SystemClassLoaderInjector.java" startline="165" endline="174" pcid="953"></source>
<source file="systems/adware_beauty1/samples/case17/SystemClassLoaderInjector.java" startline="103" endline="112" pcid="948"></source>
</class>

<class classid="59" nclones="2" nlines="15" similarity="100">
<source file="systems/adware_beauty1/com/tencent/StubShell/SystemClassLoaderInjector.java" startline="114" endline="129" pcid="773"></source>
<source file="systems/adware_beauty1/samples/case17/SystemClassLoaderInjector.java" startline="114" endline="129" pcid="949"></source>
</class>

<class classid="60" nclones="2" nlines="10" similarity="100">
<source file="systems/adware_beauty1/com/tencent/StubShell/SystemClassLoaderInjector.java" startline="141" endline="150" pcid="775"></source>
<source file="systems/adware_beauty1/samples/case17/SystemClassLoaderInjector.java" startline="141" endline="150" pcid="951"></source>
</class>

<class classid="61" nclones="2" nlines="12" similarity="100">
<source file="systems/adware_beauty1/com/tencent/StubShell/SystemClassLoaderInjector.java" startline="152" endline="163" pcid="776"></source>
<source file="systems/adware_beauty1/samples/case17/SystemClassLoaderInjector.java" startline="152" endline="163" pcid="952"></source>
</class>

<class classid="62" nclones="2" nlines="13" similarity="100">
<source file="systems/adware_beauty1/com/tencent/StubShell/SystemClassLoaderInjector.java" startline="176" endline="188" pcid="778"></source>
<source file="systems/adware_beauty1/samples/case17/SystemClassLoaderInjector.java" startline="176" endline="188" pcid="954"></source>
</class>

</clones>
