<clones>
<systeminfo processor="nicad6" system="benews" granularity="functions-blind" threshold="30%" minlines="10" maxlines="2500"/>
<cloneinfo npcs="4117" npairs="247"/>
<runinfo ncompares="73096" cputime="286358"/>

<clone nlines="46" similarity="100">
<source file="systems/benews/android/support/v4/app/NotificationCompatKitKat.java" startline="56" endline="99" pcid="666"></source>
<source file="systems/benews/android/support/v4/app/NotificationCompatJellybean.java" startline="286" endline="329" pcid="396"></source>
</clone>

<clone nlines="38" similarity="90">
<source file="systems/benews/Baby Smart Games/ICustomTabsService.java" startline="257" endline="292" pcid="4092"></source>
<source file="systems/benews/Baby Smart Games/ICustomTabsService.java" startline="357" endline="392" pcid="4098"></source>
</clone>

<clone nlines="38" similarity="90">
<source file="systems/benews/Baby Smart Games/ICustomTabsService.java" startline="108" endline="143" pcid="4087"></source>
<source file="systems/benews/Baby Smart Games/ICustomTabsService.java" startline="257" endline="292" pcid="4092"></source>
</clone>

<clone nlines="38" similarity="100">
<source file="systems/benews/Baby Smart Games/ICustomTabsService.java" startline="257" endline="292" pcid="4092"></source>
<source file="systems/benews/Baby Smart Games/ICustomTabsService.java" startline="506" endline="541" pcid="4103"></source>
</clone>

<clone nlines="34" similarity="73">
<source file="systems/benews/Baby Smart Games/ICustomTabsService.java" startline="257" endline="292" pcid="4092"></source>
<source file="systems/benews/Baby Smart Games/ICustomTabsService.java" startline="446" endline="474" pcid="4101"></source>
</clone>

<clone nlines="34" similarity="73">
<source file="systems/benews/Baby Smart Games/ICustomTabsService.java" startline="257" endline="292" pcid="4092"></source>
<source file="systems/benews/Baby Smart Games/ICustomTabsService.java" startline="476" endline="504" pcid="4102"></source>
</clone>

<clone nlines="34" similarity="73">
<source file="systems/benews/Baby Smart Games/ICustomTabsService.java" startline="197" endline="225" pcid="4090"></source>
<source file="systems/benews/Baby Smart Games/ICustomTabsService.java" startline="257" endline="292" pcid="4092"></source>
</clone>

<clone nlines="34" similarity="73">
<source file="systems/benews/Baby Smart Games/ICustomTabsService.java" startline="227" endline="255" pcid="4091"></source>
<source file="systems/benews/Baby Smart Games/ICustomTabsService.java" startline="257" endline="292" pcid="4092"></source>
</clone>

<clone nlines="38" similarity="100">
<source file="systems/benews/Baby Smart Games/ICustomTabsService.java" startline="108" endline="143" pcid="4087"></source>
<source file="systems/benews/Baby Smart Games/ICustomTabsService.java" startline="357" endline="392" pcid="4098"></source>
</clone>

<clone nlines="38" similarity="90">
<source file="systems/benews/Baby Smart Games/ICustomTabsService.java" startline="357" endline="392" pcid="4098"></source>
<source file="systems/benews/Baby Smart Games/ICustomTabsService.java" startline="506" endline="541" pcid="4103"></source>
</clone>

<clone nlines="34" similarity="76">
<source file="systems/benews/Baby Smart Games/ICustomTabsService.java" startline="357" endline="392" pcid="4098"></source>
<source file="systems/benews/Baby Smart Games/ICustomTabsService.java" startline="446" endline="474" pcid="4101"></source>
</clone>

<clone nlines="34" similarity="76">
<source file="systems/benews/Baby Smart Games/ICustomTabsService.java" startline="357" endline="392" pcid="4098"></source>
<source file="systems/benews/Baby Smart Games/ICustomTabsService.java" startline="476" endline="504" pcid="4102"></source>
</clone>

<clone nlines="34" similarity="76">
<source file="systems/benews/Baby Smart Games/ICustomTabsService.java" startline="197" endline="225" pcid="4090"></source>
<source file="systems/benews/Baby Smart Games/ICustomTabsService.java" startline="357" endline="392" pcid="4098"></source>
</clone>

<clone nlines="34" similarity="76">
<source file="systems/benews/Baby Smart Games/ICustomTabsService.java" startline="227" endline="255" pcid="4091"></source>
<source file="systems/benews/Baby Smart Games/ICustomTabsService.java" startline="357" endline="392" pcid="4098"></source>
</clone>

<clone nlines="38" similarity="90">
<source file="systems/benews/Baby Smart Games/ICustomTabsService.java" startline="108" endline="143" pcid="4087"></source>
<source file="systems/benews/Baby Smart Games/ICustomTabsService.java" startline="506" endline="541" pcid="4103"></source>
</clone>

<clone nlines="34" similarity="76">
<source file="systems/benews/Baby Smart Games/ICustomTabsService.java" startline="108" endline="143" pcid="4087"></source>
<source file="systems/benews/Baby Smart Games/ICustomTabsService.java" startline="446" endline="474" pcid="4101"></source>
</clone>

<clone nlines="34" similarity="76">
<source file="systems/benews/Baby Smart Games/ICustomTabsService.java" startline="108" endline="143" pcid="4087"></source>
<source file="systems/benews/Baby Smart Games/ICustomTabsService.java" startline="476" endline="504" pcid="4102"></source>
</clone>

<clone nlines="34" similarity="76">
<source file="systems/benews/Baby Smart Games/ICustomTabsService.java" startline="108" endline="143" pcid="4087"></source>
<source file="systems/benews/Baby Smart Games/ICustomTabsService.java" startline="197" endline="225" pcid="4090"></source>
</clone>

<clone nlines="34" similarity="76">
<source file="systems/benews/Baby Smart Games/ICustomTabsService.java" startline="108" endline="143" pcid="4087"></source>
<source file="systems/benews/Baby Smart Games/ICustomTabsService.java" startline="227" endline="255" pcid="4091"></source>
</clone>

<clone nlines="37" similarity="93">
<source file="systems/benews/android/support/v4/util/LongSparseArray.java" startline="162" endline="198" pcid="1064"></source>
<source file="systems/benews/android/support/v4/util/SparseArrayCompat.java" startline="162" endline="198" pcid="1092"></source>
</clone>

<clone nlines="34" similarity="73">
<source file="systems/benews/Baby Smart Games/ICustomTabsService.java" startline="446" endline="474" pcid="4101"></source>
<source file="systems/benews/Baby Smart Games/ICustomTabsService.java" startline="506" endline="541" pcid="4103"></source>
</clone>

<clone nlines="34" similarity="73">
<source file="systems/benews/Baby Smart Games/ICustomTabsService.java" startline="476" endline="504" pcid="4102"></source>
<source file="systems/benews/Baby Smart Games/ICustomTabsService.java" startline="506" endline="541" pcid="4103"></source>
</clone>

<clone nlines="34" similarity="73">
<source file="systems/benews/Baby Smart Games/ICustomTabsService.java" startline="197" endline="225" pcid="4090"></source>
<source file="systems/benews/Baby Smart Games/ICustomTabsService.java" startline="506" endline="541" pcid="4103"></source>
</clone>

<clone nlines="34" similarity="73">
<source file="systems/benews/Baby Smart Games/ICustomTabsService.java" startline="227" endline="255" pcid="4091"></source>
<source file="systems/benews/Baby Smart Games/ICustomTabsService.java" startline="506" endline="541" pcid="4103"></source>
</clone>

<clone nlines="30" similarity="100">
<source file="systems/benews/android/support/v4/accessibilityservice/AccessibilityServiceInfoCompat.java" startline="50" endline="80" pcid="824"></source>
<source file="systems/benews/Baby Horse Game/AccessibilityServiceInfoCompat.java" startline="12" endline="42" pcid="1"></source>
</clone>

<clone nlines="30" similarity="100">
<source file="systems/benews/Baby Horse Game/AccessibilityServiceInfoCompat.java" startline="12" endline="42" pcid="1"></source>
<source file="systems/benews/Baby Care/AccessibilityServiceInfoCompat.java" startline="12" endline="42" pcid="4023"></source>
</clone>

<clone nlines="30" similarity="100">
<source file="systems/benews/android/support/v4/accessibilityservice/AccessibilityServiceInfoCompat.java" startline="50" endline="80" pcid="824"></source>
<source file="systems/benews/Baby Care/AccessibilityServiceInfoCompat.java" startline="12" endline="42" pcid="4023"></source>
</clone>

<clone nlines="30" similarity="92">
<source file="systems/benews/android/support/v7/internal/view/menu/MenuBuilder.java" startline="381" endline="412" pcid="3771"></source>
<source file="systems/benews/android/support/v7/internal/view/menu/MenuBuilder.java" startline="418" endline="449" pcid="3773"></source>
</clone>

<clone nlines="30" similarity="100">
<source file="systems/benews/Baby Smart Games/ICustomTabsService.java" startline="446" endline="474" pcid="4101"></source>
<source file="systems/benews/Baby Smart Games/ICustomTabsService.java" startline="476" endline="504" pcid="4102"></source>
</clone>

<clone nlines="30" similarity="100">
<source file="systems/benews/Baby Smart Games/ICustomTabsService.java" startline="197" endline="225" pcid="4090"></source>
<source file="systems/benews/Baby Smart Games/ICustomTabsService.java" startline="446" endline="474" pcid="4101"></source>
</clone>

<clone nlines="30" similarity="100">
<source file="systems/benews/Baby Smart Games/ICustomTabsService.java" startline="227" endline="255" pcid="4091"></source>
<source file="systems/benews/Baby Smart Games/ICustomTabsService.java" startline="446" endline="474" pcid="4101"></source>
</clone>

<clone nlines="29" similarity="79">
<source file="systems/benews/Baby Smart Games/ICustomTabsService.java" startline="419" endline="444" pcid="4100"></source>
<source file="systems/benews/Baby Smart Games/ICustomTabsService.java" startline="446" endline="474" pcid="4101"></source>
</clone>

<clone nlines="29" similarity="79">
<source file="systems/benews/Baby Smart Games/ICustomTabsService.java" startline="170" endline="195" pcid="4089"></source>
<source file="systems/benews/Baby Smart Games/ICustomTabsService.java" startline="446" endline="474" pcid="4101"></source>
</clone>

<clone nlines="29" similarity="79">
<source file="systems/benews/Baby Smart Games/ICustomTabsService.java" startline="446" endline="474" pcid="4101"></source>
<source file="systems/benews/Baby Smart Games/IPostMessageService.java" startline="108" endline="133" pcid="4053"></source>
</clone>

<clone nlines="29" similarity="79">
<source file="systems/benews/Baby Smart Games/ICustomTabsService.java" startline="446" endline="474" pcid="4101"></source>
<source file="systems/benews/Baby Smart Games/IPostMessageService.java" startline="178" endline="203" pcid="4058"></source>
</clone>

<clone nlines="29" similarity="79">
<source file="systems/benews/Baby Smart Games/ICustomTabsService.java" startline="446" endline="474" pcid="4101"></source>
<source file="systems/benews/Baby Smart Games/IPostMessageService.java" startline="82" endline="106" pcid="4052"></source>
</clone>

<clone nlines="29" similarity="79">
<source file="systems/benews/Baby Smart Games/ICustomTabsService.java" startline="446" endline="474" pcid="4101"></source>
<source file="systems/benews/Baby Smart Games/IPostMessageService.java" startline="152" endline="176" pcid="4057"></source>
</clone>

<clone nlines="30" similarity="100">
<source file="systems/benews/Baby Smart Games/ICustomTabsService.java" startline="197" endline="225" pcid="4090"></source>
<source file="systems/benews/Baby Smart Games/ICustomTabsService.java" startline="476" endline="504" pcid="4102"></source>
</clone>

<clone nlines="30" similarity="100">
<source file="systems/benews/Baby Smart Games/ICustomTabsService.java" startline="227" endline="255" pcid="4091"></source>
<source file="systems/benews/Baby Smart Games/ICustomTabsService.java" startline="476" endline="504" pcid="4102"></source>
</clone>

<clone nlines="29" similarity="79">
<source file="systems/benews/Baby Smart Games/ICustomTabsService.java" startline="419" endline="444" pcid="4100"></source>
<source file="systems/benews/Baby Smart Games/ICustomTabsService.java" startline="476" endline="504" pcid="4102"></source>
</clone>

<clone nlines="29" similarity="79">
<source file="systems/benews/Baby Smart Games/ICustomTabsService.java" startline="170" endline="195" pcid="4089"></source>
<source file="systems/benews/Baby Smart Games/ICustomTabsService.java" startline="476" endline="504" pcid="4102"></source>
</clone>

<clone nlines="29" similarity="79">
<source file="systems/benews/Baby Smart Games/ICustomTabsService.java" startline="476" endline="504" pcid="4102"></source>
<source file="systems/benews/Baby Smart Games/IPostMessageService.java" startline="108" endline="133" pcid="4053"></source>
</clone>

<clone nlines="29" similarity="79">
<source file="systems/benews/Baby Smart Games/ICustomTabsService.java" startline="476" endline="504" pcid="4102"></source>
<source file="systems/benews/Baby Smart Games/IPostMessageService.java" startline="178" endline="203" pcid="4058"></source>
</clone>

<clone nlines="29" similarity="79">
<source file="systems/benews/Baby Smart Games/ICustomTabsService.java" startline="476" endline="504" pcid="4102"></source>
<source file="systems/benews/Baby Smart Games/IPostMessageService.java" startline="82" endline="106" pcid="4052"></source>
</clone>

<clone nlines="29" similarity="79">
<source file="systems/benews/Baby Smart Games/ICustomTabsService.java" startline="476" endline="504" pcid="4102"></source>
<source file="systems/benews/Baby Smart Games/IPostMessageService.java" startline="152" endline="176" pcid="4057"></source>
</clone>

<clone nlines="30" similarity="100">
<source file="systems/benews/Baby Smart Games/ICustomTabsService.java" startline="197" endline="225" pcid="4090"></source>
<source file="systems/benews/Baby Smart Games/ICustomTabsService.java" startline="227" endline="255" pcid="4091"></source>
</clone>

<clone nlines="29" similarity="79">
<source file="systems/benews/Baby Smart Games/ICustomTabsService.java" startline="197" endline="225" pcid="4090"></source>
<source file="systems/benews/Baby Smart Games/ICustomTabsService.java" startline="419" endline="444" pcid="4100"></source>
</clone>

<clone nlines="29" similarity="79">
<source file="systems/benews/Baby Smart Games/ICustomTabsService.java" startline="170" endline="195" pcid="4089"></source>
<source file="systems/benews/Baby Smart Games/ICustomTabsService.java" startline="197" endline="225" pcid="4090"></source>
</clone>

<clone nlines="29" similarity="79">
<source file="systems/benews/Baby Smart Games/ICustomTabsService.java" startline="197" endline="225" pcid="4090"></source>
<source file="systems/benews/Baby Smart Games/IPostMessageService.java" startline="108" endline="133" pcid="4053"></source>
</clone>

<clone nlines="29" similarity="79">
<source file="systems/benews/Baby Smart Games/ICustomTabsService.java" startline="197" endline="225" pcid="4090"></source>
<source file="systems/benews/Baby Smart Games/IPostMessageService.java" startline="178" endline="203" pcid="4058"></source>
</clone>

<clone nlines="29" similarity="79">
<source file="systems/benews/Baby Smart Games/ICustomTabsService.java" startline="197" endline="225" pcid="4090"></source>
<source file="systems/benews/Baby Smart Games/IPostMessageService.java" startline="82" endline="106" pcid="4052"></source>
</clone>

<clone nlines="29" similarity="79">
<source file="systems/benews/Baby Smart Games/ICustomTabsService.java" startline="197" endline="225" pcid="4090"></source>
<source file="systems/benews/Baby Smart Games/IPostMessageService.java" startline="152" endline="176" pcid="4057"></source>
</clone>

<clone nlines="29" similarity="79">
<source file="systems/benews/Baby Smart Games/ICustomTabsService.java" startline="227" endline="255" pcid="4091"></source>
<source file="systems/benews/Baby Smart Games/ICustomTabsService.java" startline="419" endline="444" pcid="4100"></source>
</clone>

<clone nlines="29" similarity="79">
<source file="systems/benews/Baby Smart Games/ICustomTabsService.java" startline="170" endline="195" pcid="4089"></source>
<source file="systems/benews/Baby Smart Games/ICustomTabsService.java" startline="227" endline="255" pcid="4091"></source>
</clone>

<clone nlines="29" similarity="79">
<source file="systems/benews/Baby Smart Games/ICustomTabsService.java" startline="227" endline="255" pcid="4091"></source>
<source file="systems/benews/Baby Smart Games/IPostMessageService.java" startline="108" endline="133" pcid="4053"></source>
</clone>

<clone nlines="29" similarity="79">
<source file="systems/benews/Baby Smart Games/ICustomTabsService.java" startline="227" endline="255" pcid="4091"></source>
<source file="systems/benews/Baby Smart Games/IPostMessageService.java" startline="178" endline="203" pcid="4058"></source>
</clone>

<clone nlines="29" similarity="79">
<source file="systems/benews/Baby Smart Games/ICustomTabsService.java" startline="227" endline="255" pcid="4091"></source>
<source file="systems/benews/Baby Smart Games/IPostMessageService.java" startline="82" endline="106" pcid="4052"></source>
</clone>

<clone nlines="29" similarity="79">
<source file="systems/benews/Baby Smart Games/ICustomTabsService.java" startline="227" endline="255" pcid="4091"></source>
<source file="systems/benews/Baby Smart Games/IPostMessageService.java" startline="152" endline="176" pcid="4057"></source>
</clone>

<clone nlines="31" similarity="73">
<source file="systems/benews/android/support/v4/app/NotificationCompatApi20.java" startline="87" endline="114" pcid="684"></source>
<source file="systems/benews/android/support/v4/app/NotificationCompatIceCreamSandwich.java" startline="10" endline="36" pcid="674"></source>
</clone>

<clone nlines="31" similarity="73">
<source file="systems/benews/android/support/v4/app/NotificationCompatApi20.java" startline="87" endline="114" pcid="684"></source>
<source file="systems/benews/android/support/v4/app/NotificationCompatHoneycomb.java" startline="10" endline="36" pcid="324"></source>
</clone>

<clone nlines="28" similarity="100">
<source file="systems/benews/Baby Smart Games/ICustomTabsService.java" startline="170" endline="195" pcid="4089"></source>
<source file="systems/benews/Baby Smart Games/ICustomTabsService.java" startline="419" endline="444" pcid="4100"></source>
</clone>

<clone nlines="28" similarity="90">
<source file="systems/benews/Baby Smart Games/ICustomTabsService.java" startline="419" endline="444" pcid="4100"></source>
<source file="systems/benews/Baby Smart Games/IPostMessageService.java" startline="108" endline="133" pcid="4053"></source>
</clone>

<clone nlines="28" similarity="90">
<source file="systems/benews/Baby Smart Games/ICustomTabsService.java" startline="419" endline="444" pcid="4100"></source>
<source file="systems/benews/Baby Smart Games/IPostMessageService.java" startline="178" endline="203" pcid="4058"></source>
</clone>

<clone nlines="28" similarity="86">
<source file="systems/benews/Baby Smart Games/ICustomTabsService.java" startline="419" endline="444" pcid="4100"></source>
<source file="systems/benews/Baby Smart Games/IPostMessageService.java" startline="82" endline="106" pcid="4052"></source>
</clone>

<clone nlines="28" similarity="86">
<source file="systems/benews/Baby Smart Games/ICustomTabsService.java" startline="419" endline="444" pcid="4100"></source>
<source file="systems/benews/Baby Smart Games/IPostMessageService.java" startline="152" endline="176" pcid="4057"></source>
</clone>

<clone nlines="28" similarity="90">
<source file="systems/benews/Baby Smart Games/ICustomTabsService.java" startline="170" endline="195" pcid="4089"></source>
<source file="systems/benews/Baby Smart Games/IPostMessageService.java" startline="108" endline="133" pcid="4053"></source>
</clone>

<clone nlines="28" similarity="90">
<source file="systems/benews/Baby Smart Games/ICustomTabsService.java" startline="170" endline="195" pcid="4089"></source>
<source file="systems/benews/Baby Smart Games/IPostMessageService.java" startline="178" endline="203" pcid="4058"></source>
</clone>

<clone nlines="28" similarity="86">
<source file="systems/benews/Baby Smart Games/ICustomTabsService.java" startline="170" endline="195" pcid="4089"></source>
<source file="systems/benews/Baby Smart Games/IPostMessageService.java" startline="82" endline="106" pcid="4052"></source>
</clone>

<clone nlines="28" similarity="86">
<source file="systems/benews/Baby Smart Games/ICustomTabsService.java" startline="170" endline="195" pcid="4089"></source>
<source file="systems/benews/Baby Smart Games/IPostMessageService.java" startline="152" endline="176" pcid="4057"></source>
</clone>

<clone nlines="28" similarity="100">
<source file="systems/benews/Baby Smart Games/IPostMessageService.java" startline="108" endline="133" pcid="4053"></source>
<source file="systems/benews/Baby Smart Games/IPostMessageService.java" startline="178" endline="203" pcid="4058"></source>
</clone>

<clone nlines="28" similarity="90">
<source file="systems/benews/Baby Smart Games/IPostMessageService.java" startline="82" endline="106" pcid="4052"></source>
<source file="systems/benews/Baby Smart Games/IPostMessageService.java" startline="108" endline="133" pcid="4053"></source>
</clone>

<clone nlines="28" similarity="90">
<source file="systems/benews/Baby Smart Games/IPostMessageService.java" startline="108" endline="133" pcid="4053"></source>
<source file="systems/benews/Baby Smart Games/IPostMessageService.java" startline="152" endline="176" pcid="4057"></source>
</clone>

<clone nlines="25" similarity="72">
<source file="systems/benews/Baby Smart Games/ICustomTabsCallback.java" startline="177" endline="196" pcid="4068"></source>
<source file="systems/benews/Baby Smart Games/IPostMessageService.java" startline="108" endline="133" pcid="4053"></source>
</clone>

<clone nlines="25" similarity="72">
<source file="systems/benews/Baby Smart Games/ICustomTabsCallback.java" startline="198" endline="217" pcid="4069"></source>
<source file="systems/benews/Baby Smart Games/IPostMessageService.java" startline="108" endline="133" pcid="4053"></source>
</clone>

<clone nlines="25" similarity="72">
<source file="systems/benews/Baby Smart Games/ICustomTabsCallback.java" startline="132" endline="151" pcid="4065"></source>
<source file="systems/benews/Baby Smart Games/IPostMessageService.java" startline="108" endline="133" pcid="4053"></source>
</clone>

<clone nlines="25" similarity="72">
<source file="systems/benews/Baby Smart Games/ICustomTabsCallback.java" startline="259" endline="278" pcid="4073"></source>
<source file="systems/benews/Baby Smart Games/IPostMessageService.java" startline="108" endline="133" pcid="4053"></source>
</clone>

<clone nlines="25" similarity="72">
<source file="systems/benews/Baby Smart Games/ICustomTabsCallback.java" startline="304" endline="323" pcid="4076"></source>
<source file="systems/benews/Baby Smart Games/IPostMessageService.java" startline="108" endline="133" pcid="4053"></source>
</clone>

<clone nlines="25" similarity="72">
<source file="systems/benews/Baby Smart Games/ICustomTabsCallback.java" startline="325" endline="344" pcid="4077"></source>
<source file="systems/benews/Baby Smart Games/IPostMessageService.java" startline="108" endline="133" pcid="4053"></source>
</clone>

<clone nlines="28" similarity="90">
<source file="systems/benews/Baby Smart Games/IPostMessageService.java" startline="82" endline="106" pcid="4052"></source>
<source file="systems/benews/Baby Smart Games/IPostMessageService.java" startline="178" endline="203" pcid="4058"></source>
</clone>

<clone nlines="28" similarity="90">
<source file="systems/benews/Baby Smart Games/IPostMessageService.java" startline="152" endline="176" pcid="4057"></source>
<source file="systems/benews/Baby Smart Games/IPostMessageService.java" startline="178" endline="203" pcid="4058"></source>
</clone>

<clone nlines="25" similarity="72">
<source file="systems/benews/Baby Smart Games/ICustomTabsCallback.java" startline="177" endline="196" pcid="4068"></source>
<source file="systems/benews/Baby Smart Games/IPostMessageService.java" startline="178" endline="203" pcid="4058"></source>
</clone>

<clone nlines="25" similarity="72">
<source file="systems/benews/Baby Smart Games/ICustomTabsCallback.java" startline="198" endline="217" pcid="4069"></source>
<source file="systems/benews/Baby Smart Games/IPostMessageService.java" startline="178" endline="203" pcid="4058"></source>
</clone>

<clone nlines="25" similarity="72">
<source file="systems/benews/Baby Smart Games/ICustomTabsCallback.java" startline="132" endline="151" pcid="4065"></source>
<source file="systems/benews/Baby Smart Games/IPostMessageService.java" startline="178" endline="203" pcid="4058"></source>
</clone>

<clone nlines="25" similarity="72">
<source file="systems/benews/Baby Smart Games/ICustomTabsCallback.java" startline="259" endline="278" pcid="4073"></source>
<source file="systems/benews/Baby Smart Games/IPostMessageService.java" startline="178" endline="203" pcid="4058"></source>
</clone>

<clone nlines="25" similarity="72">
<source file="systems/benews/Baby Smart Games/ICustomTabsCallback.java" startline="304" endline="323" pcid="4076"></source>
<source file="systems/benews/Baby Smart Games/IPostMessageService.java" startline="178" endline="203" pcid="4058"></source>
</clone>

<clone nlines="25" similarity="72">
<source file="systems/benews/Baby Smart Games/ICustomTabsCallback.java" startline="325" endline="344" pcid="4077"></source>
<source file="systems/benews/Baby Smart Games/IPostMessageService.java" startline="178" endline="203" pcid="4058"></source>
</clone>

<clone nlines="28" similarity="100">
<source file="systems/benews/Baby Smart Games/ICustomTabsCallback.java" startline="219" endline="244" pcid="4070"></source>
<source file="systems/benews/Baby Smart Games/ICustomTabsCallback.java" startline="346" endline="371" pcid="4078"></source>
</clone>

<clone nlines="30" similarity="86">
<source file="systems/benews/android/support/v4/app/NotificationCompatHoneycomb.java" startline="10" endline="36" pcid="324"></source>
<source file="systems/benews/android/support/v4/app/NotificationCompatIceCreamSandwich.java" startline="10" endline="36" pcid="674"></source>
</clone>

<clone nlines="27" similarity="100">
<source file="systems/benews/Baby Smart Games/IPostMessageService.java" startline="82" endline="106" pcid="4052"></source>
<source file="systems/benews/Baby Smart Games/IPostMessageService.java" startline="152" endline="176" pcid="4057"></source>
</clone>

<clone nlines="24" similarity="71">
<source file="systems/benews/Baby Smart Games/ICustomTabsCallback.java" startline="177" endline="196" pcid="4068"></source>
<source file="systems/benews/Baby Smart Games/IPostMessageService.java" startline="82" endline="106" pcid="4052"></source>
</clone>

<clone nlines="24" similarity="76">
<source file="systems/benews/Baby Smart Games/ICustomTabsCallback.java" startline="198" endline="217" pcid="4069"></source>
<source file="systems/benews/Baby Smart Games/IPostMessageService.java" startline="82" endline="106" pcid="4052"></source>
</clone>

<clone nlines="24" similarity="76">
<source file="systems/benews/Baby Smart Games/ICustomTabsCallback.java" startline="132" endline="151" pcid="4065"></source>
<source file="systems/benews/Baby Smart Games/IPostMessageService.java" startline="82" endline="106" pcid="4052"></source>
</clone>

<clone nlines="24" similarity="76">
<source file="systems/benews/Baby Smart Games/ICustomTabsCallback.java" startline="259" endline="278" pcid="4073"></source>
<source file="systems/benews/Baby Smart Games/IPostMessageService.java" startline="82" endline="106" pcid="4052"></source>
</clone>

<clone nlines="24" similarity="71">
<source file="systems/benews/Baby Smart Games/ICustomTabsCallback.java" startline="304" endline="323" pcid="4076"></source>
<source file="systems/benews/Baby Smart Games/IPostMessageService.java" startline="82" endline="106" pcid="4052"></source>
</clone>

<clone nlines="24" similarity="76">
<source file="systems/benews/Baby Smart Games/ICustomTabsCallback.java" startline="325" endline="344" pcid="4077"></source>
<source file="systems/benews/Baby Smart Games/IPostMessageService.java" startline="82" endline="106" pcid="4052"></source>
</clone>

<clone nlines="24" similarity="71">
<source file="systems/benews/Baby Smart Games/ICustomTabsCallback.java" startline="284" endline="302" pcid="4075"></source>
<source file="systems/benews/Baby Smart Games/IPostMessageService.java" startline="82" endline="106" pcid="4052"></source>
</clone>

<clone nlines="24" similarity="71">
<source file="systems/benews/Baby Smart Games/ICustomTabsCallback.java" startline="157" endline="175" pcid="4067"></source>
<source file="systems/benews/Baby Smart Games/IPostMessageService.java" startline="82" endline="106" pcid="4052"></source>
</clone>

<clone nlines="24" similarity="71">
<source file="systems/benews/Baby Smart Games/ICustomTabsCallback.java" startline="177" endline="196" pcid="4068"></source>
<source file="systems/benews/Baby Smart Games/IPostMessageService.java" startline="152" endline="176" pcid="4057"></source>
</clone>

<clone nlines="24" similarity="76">
<source file="systems/benews/Baby Smart Games/ICustomTabsCallback.java" startline="198" endline="217" pcid="4069"></source>
<source file="systems/benews/Baby Smart Games/IPostMessageService.java" startline="152" endline="176" pcid="4057"></source>
</clone>

<clone nlines="24" similarity="76">
<source file="systems/benews/Baby Smart Games/ICustomTabsCallback.java" startline="132" endline="151" pcid="4065"></source>
<source file="systems/benews/Baby Smart Games/IPostMessageService.java" startline="152" endline="176" pcid="4057"></source>
</clone>

<clone nlines="24" similarity="76">
<source file="systems/benews/Baby Smart Games/ICustomTabsCallback.java" startline="259" endline="278" pcid="4073"></source>
<source file="systems/benews/Baby Smart Games/IPostMessageService.java" startline="152" endline="176" pcid="4057"></source>
</clone>

<clone nlines="24" similarity="71">
<source file="systems/benews/Baby Smart Games/ICustomTabsCallback.java" startline="304" endline="323" pcid="4076"></source>
<source file="systems/benews/Baby Smart Games/IPostMessageService.java" startline="152" endline="176" pcid="4057"></source>
</clone>

<clone nlines="24" similarity="76">
<source file="systems/benews/Baby Smart Games/ICustomTabsCallback.java" startline="325" endline="344" pcid="4077"></source>
<source file="systems/benews/Baby Smart Games/IPostMessageService.java" startline="152" endline="176" pcid="4057"></source>
</clone>

<clone nlines="24" similarity="71">
<source file="systems/benews/Baby Smart Games/ICustomTabsCallback.java" startline="284" endline="302" pcid="4075"></source>
<source file="systems/benews/Baby Smart Games/IPostMessageService.java" startline="152" endline="176" pcid="4057"></source>
</clone>

<clone nlines="24" similarity="71">
<source file="systems/benews/Baby Smart Games/ICustomTabsCallback.java" startline="157" endline="175" pcid="4067"></source>
<source file="systems/benews/Baby Smart Games/IPostMessageService.java" startline="152" endline="176" pcid="4057"></source>
</clone>

<clone nlines="27" similarity="100">
<source file="systems/benews/Baby Smart Games/ICustomTabsService.java" startline="78" endline="102" pcid="4085"></source>
<source file="systems/benews/Baby Smart Games/ICustomTabsService.java" startline="327" endline="351" pcid="4096"></source>
</clone>

<clone nlines="24" similarity="71">
<source file="systems/benews/Baby Smart Games/ICustomTabsService.java" startline="78" endline="102" pcid="4085"></source>
<source file="systems/benews/Baby Smart Games/ICustomTabsCallback.java" startline="177" endline="196" pcid="4068"></source>
</clone>

<clone nlines="24" similarity="71">
<source file="systems/benews/Baby Smart Games/ICustomTabsService.java" startline="78" endline="102" pcid="4085"></source>
<source file="systems/benews/Baby Smart Games/ICustomTabsCallback.java" startline="198" endline="217" pcid="4069"></source>
</clone>

<clone nlines="24" similarity="71">
<source file="systems/benews/Baby Smart Games/ICustomTabsService.java" startline="78" endline="102" pcid="4085"></source>
<source file="systems/benews/Baby Smart Games/ICustomTabsCallback.java" startline="132" endline="151" pcid="4065"></source>
</clone>

<clone nlines="24" similarity="71">
<source file="systems/benews/Baby Smart Games/ICustomTabsService.java" startline="78" endline="102" pcid="4085"></source>
<source file="systems/benews/Baby Smart Games/ICustomTabsCallback.java" startline="259" endline="278" pcid="4073"></source>
</clone>

<clone nlines="24" similarity="71">
<source file="systems/benews/Baby Smart Games/ICustomTabsService.java" startline="78" endline="102" pcid="4085"></source>
<source file="systems/benews/Baby Smart Games/ICustomTabsCallback.java" startline="304" endline="323" pcid="4076"></source>
</clone>

<clone nlines="24" similarity="71">
<source file="systems/benews/Baby Smart Games/ICustomTabsService.java" startline="78" endline="102" pcid="4085"></source>
<source file="systems/benews/Baby Smart Games/ICustomTabsCallback.java" startline="325" endline="344" pcid="4077"></source>
</clone>

<clone nlines="29" similarity="80">
<source file="systems/benews/android/support/v4/view/AccessibilityDelegateCompatIcs.java" startline="13" endline="43" pcid="2472"></source>
<source file="systems/benews/android/support/v4/view/AccessibilityDelegateCompatJellyBean.java" startline="15" endline="53" pcid="2568"></source>
</clone>

<clone nlines="24" similarity="71">
<source file="systems/benews/Baby Smart Games/ICustomTabsService.java" startline="327" endline="351" pcid="4096"></source>
<source file="systems/benews/Baby Smart Games/ICustomTabsCallback.java" startline="177" endline="196" pcid="4068"></source>
</clone>

<clone nlines="24" similarity="71">
<source file="systems/benews/Baby Smart Games/ICustomTabsService.java" startline="327" endline="351" pcid="4096"></source>
<source file="systems/benews/Baby Smart Games/ICustomTabsCallback.java" startline="198" endline="217" pcid="4069"></source>
</clone>

<clone nlines="24" similarity="71">
<source file="systems/benews/Baby Smart Games/ICustomTabsService.java" startline="327" endline="351" pcid="4096"></source>
<source file="systems/benews/Baby Smart Games/ICustomTabsCallback.java" startline="132" endline="151" pcid="4065"></source>
</clone>

<clone nlines="24" similarity="71">
<source file="systems/benews/Baby Smart Games/ICustomTabsService.java" startline="327" endline="351" pcid="4096"></source>
<source file="systems/benews/Baby Smart Games/ICustomTabsCallback.java" startline="259" endline="278" pcid="4073"></source>
</clone>

<clone nlines="24" similarity="71">
<source file="systems/benews/Baby Smart Games/ICustomTabsService.java" startline="327" endline="351" pcid="4096"></source>
<source file="systems/benews/Baby Smart Games/ICustomTabsCallback.java" startline="304" endline="323" pcid="4076"></source>
</clone>

<clone nlines="24" similarity="71">
<source file="systems/benews/Baby Smart Games/ICustomTabsService.java" startline="327" endline="351" pcid="4096"></source>
<source file="systems/benews/Baby Smart Games/ICustomTabsCallback.java" startline="325" endline="344" pcid="4077"></source>
</clone>

<clone nlines="24" similarity="100">
<source file="systems/benews/Baby Smart Games/ICustomTabsService.java" startline="145" endline="168" pcid="4088"></source>
<source file="systems/benews/Baby Smart Games/ICustomTabsService.java" startline="394" endline="417" pcid="4099"></source>
</clone>

<clone nlines="21" similarity="70">
<source file="systems/benews/Baby Smart Games/ICustomTabsService.java" startline="394" endline="417" pcid="4099"></source>
<source file="systems/benews/Baby Smart Games/ICustomTabsService.java" startline="543" endline="561" pcid="4104"></source>
</clone>

<clone nlines="21" similarity="70">
<source file="systems/benews/Baby Smart Games/ICustomTabsService.java" startline="294" endline="312" pcid="4093"></source>
<source file="systems/benews/Baby Smart Games/ICustomTabsService.java" startline="394" endline="417" pcid="4099"></source>
</clone>

<clone nlines="21" similarity="70">
<source file="systems/benews/Baby Smart Games/ICustomTabsService.java" startline="145" endline="168" pcid="4088"></source>
<source file="systems/benews/Baby Smart Games/ICustomTabsService.java" startline="543" endline="561" pcid="4104"></source>
</clone>

<clone nlines="21" similarity="70">
<source file="systems/benews/Baby Smart Games/ICustomTabsService.java" startline="145" endline="168" pcid="4088"></source>
<source file="systems/benews/Baby Smart Games/ICustomTabsService.java" startline="294" endline="312" pcid="4093"></source>
</clone>

<clone nlines="24" similarity="84">
<source file="systems/benews/android/support/v4/text/BidiFormatter.java" startline="421" endline="444" pcid="798"></source>
<source file="systems/benews/android/support/v4/text/BidiFormatter.java" startline="446" endline="469" pcid="799"></source>
</clone>

<clone nlines="23" similarity="94">
<source file="systems/benews/android/support/v4/util/LongSparseArray.java" startline="30" endline="52" pcid="1054"></source>
<source file="systems/benews/android/support/v4/util/SparseArrayCompat.java" startline="30" endline="52" pcid="1082"></source>
</clone>

<clone nlines="24" similarity="100">
<source file="systems/benews/android/support/v7/internal/view/menu/ListMenuPresenter.java" startline="177" endline="200" pcid="3481"></source>
<source file="systems/benews/android/support/v7/internal/view/menu/MenuPopupHelper.java" startline="270" endline="293" pcid="3444"></source>
</clone>

<clone nlines="21" similarity="94">
<source file="systems/benews/Baby Smart Games/ICustomTabsCallback.java" startline="177" endline="196" pcid="4068"></source>
<source file="systems/benews/Baby Smart Games/ICustomTabsCallback.java" startline="198" endline="217" pcid="4069"></source>
</clone>

<clone nlines="21" similarity="94">
<source file="systems/benews/Baby Smart Games/ICustomTabsCallback.java" startline="132" endline="151" pcid="4065"></source>
<source file="systems/benews/Baby Smart Games/ICustomTabsCallback.java" startline="177" endline="196" pcid="4068"></source>
</clone>

<clone nlines="21" similarity="94">
<source file="systems/benews/Baby Smart Games/ICustomTabsCallback.java" startline="177" endline="196" pcid="4068"></source>
<source file="systems/benews/Baby Smart Games/ICustomTabsCallback.java" startline="259" endline="278" pcid="4073"></source>
</clone>

<clone nlines="21" similarity="100">
<source file="systems/benews/Baby Smart Games/ICustomTabsCallback.java" startline="177" endline="196" pcid="4068"></source>
<source file="systems/benews/Baby Smart Games/ICustomTabsCallback.java" startline="304" endline="323" pcid="4076"></source>
</clone>

<clone nlines="21" similarity="94">
<source file="systems/benews/Baby Smart Games/ICustomTabsCallback.java" startline="177" endline="196" pcid="4068"></source>
<source file="systems/benews/Baby Smart Games/ICustomTabsCallback.java" startline="325" endline="344" pcid="4077"></source>
</clone>

<clone nlines="21" similarity="70">
<source file="systems/benews/Baby Smart Games/ICustomTabsCallback.java" startline="177" endline="196" pcid="4068"></source>
<source file="systems/benews/android/support/v4/app/INotificationSideChannel.java" startline="116" endline="134" pcid="409"></source>
</clone>

<clone nlines="21" similarity="88">
<source file="systems/benews/Baby Smart Games/ICustomTabsCallback.java" startline="177" endline="196" pcid="4068"></source>
<source file="systems/benews/Baby Smart Games/ICustomTabsCallback.java" startline="284" endline="302" pcid="4075"></source>
</clone>

<clone nlines="21" similarity="88">
<source file="systems/benews/Baby Smart Games/ICustomTabsCallback.java" startline="157" endline="175" pcid="4067"></source>
<source file="systems/benews/Baby Smart Games/ICustomTabsCallback.java" startline="177" endline="196" pcid="4068"></source>
</clone>

<clone nlines="21" similarity="70">
<source file="systems/benews/Baby Smart Games/ICustomTabsCallback.java" startline="177" endline="196" pcid="4068"></source>
<source file="systems/benews/android/support/v4/app/INotificationSideChannel.java" startline="179" endline="197" pcid="415"></source>
</clone>

<clone nlines="17" similarity="76">
<source file="systems/benews/android/support/v4/accessibilityservice/AccessibilityServiceInfoCompat.java" startline="34" endline="48" pcid="823"></source>
<source file="systems/benews/android/support/v4/accessibilityservice/AccessibilityServiceInfoCompat.java" startline="82" endline="100" pcid="825"></source>
</clone>

<clone nlines="21" similarity="100">
<source file="systems/benews/Baby Smart Games/ICustomTabsCallback.java" startline="132" endline="151" pcid="4065"></source>
<source file="systems/benews/Baby Smart Games/ICustomTabsCallback.java" startline="198" endline="217" pcid="4069"></source>
</clone>

<clone nlines="21" similarity="100">
<source file="systems/benews/Baby Smart Games/ICustomTabsCallback.java" startline="198" endline="217" pcid="4069"></source>
<source file="systems/benews/Baby Smart Games/ICustomTabsCallback.java" startline="259" endline="278" pcid="4073"></source>
</clone>

<clone nlines="21" similarity="94">
<source file="systems/benews/Baby Smart Games/ICustomTabsCallback.java" startline="198" endline="217" pcid="4069"></source>
<source file="systems/benews/Baby Smart Games/ICustomTabsCallback.java" startline="304" endline="323" pcid="4076"></source>
</clone>

<clone nlines="21" similarity="100">
<source file="systems/benews/Baby Smart Games/ICustomTabsCallback.java" startline="198" endline="217" pcid="4069"></source>
<source file="systems/benews/Baby Smart Games/ICustomTabsCallback.java" startline="325" endline="344" pcid="4077"></source>
</clone>

<clone nlines="21" similarity="70">
<source file="systems/benews/Baby Smart Games/ICustomTabsCallback.java" startline="198" endline="217" pcid="4069"></source>
<source file="systems/benews/android/support/v4/app/INotificationSideChannel.java" startline="116" endline="134" pcid="409"></source>
</clone>

<clone nlines="21" similarity="88">
<source file="systems/benews/Baby Smart Games/ICustomTabsCallback.java" startline="198" endline="217" pcid="4069"></source>
<source file="systems/benews/Baby Smart Games/ICustomTabsCallback.java" startline="284" endline="302" pcid="4075"></source>
</clone>

<clone nlines="21" similarity="88">
<source file="systems/benews/Baby Smart Games/ICustomTabsCallback.java" startline="157" endline="175" pcid="4067"></source>
<source file="systems/benews/Baby Smart Games/ICustomTabsCallback.java" startline="198" endline="217" pcid="4069"></source>
</clone>

<clone nlines="21" similarity="70">
<source file="systems/benews/Baby Smart Games/ICustomTabsCallback.java" startline="198" endline="217" pcid="4069"></source>
<source file="systems/benews/android/support/v4/app/INotificationSideChannel.java" startline="179" endline="197" pcid="415"></source>
</clone>

<clone nlines="21" similarity="100">
<source file="systems/benews/Baby Smart Games/ICustomTabsCallback.java" startline="132" endline="151" pcid="4065"></source>
<source file="systems/benews/Baby Smart Games/ICustomTabsCallback.java" startline="259" endline="278" pcid="4073"></source>
</clone>

<clone nlines="21" similarity="94">
<source file="systems/benews/Baby Smart Games/ICustomTabsCallback.java" startline="132" endline="151" pcid="4065"></source>
<source file="systems/benews/Baby Smart Games/ICustomTabsCallback.java" startline="304" endline="323" pcid="4076"></source>
</clone>

<clone nlines="21" similarity="100">
<source file="systems/benews/Baby Smart Games/ICustomTabsCallback.java" startline="132" endline="151" pcid="4065"></source>
<source file="systems/benews/Baby Smart Games/ICustomTabsCallback.java" startline="325" endline="344" pcid="4077"></source>
</clone>

<clone nlines="21" similarity="70">
<source file="systems/benews/Baby Smart Games/ICustomTabsCallback.java" startline="132" endline="151" pcid="4065"></source>
<source file="systems/benews/android/support/v4/app/INotificationSideChannel.java" startline="116" endline="134" pcid="409"></source>
</clone>

<clone nlines="21" similarity="88">
<source file="systems/benews/Baby Smart Games/ICustomTabsCallback.java" startline="132" endline="151" pcid="4065"></source>
<source file="systems/benews/Baby Smart Games/ICustomTabsCallback.java" startline="284" endline="302" pcid="4075"></source>
</clone>

<clone nlines="21" similarity="88">
<source file="systems/benews/Baby Smart Games/ICustomTabsCallback.java" startline="132" endline="151" pcid="4065"></source>
<source file="systems/benews/Baby Smart Games/ICustomTabsCallback.java" startline="157" endline="175" pcid="4067"></source>
</clone>

<clone nlines="21" similarity="70">
<source file="systems/benews/Baby Smart Games/ICustomTabsCallback.java" startline="132" endline="151" pcid="4065"></source>
<source file="systems/benews/android/support/v4/app/INotificationSideChannel.java" startline="179" endline="197" pcid="415"></source>
</clone>

<clone nlines="21" similarity="94">
<source file="systems/benews/Baby Smart Games/ICustomTabsCallback.java" startline="259" endline="278" pcid="4073"></source>
<source file="systems/benews/Baby Smart Games/ICustomTabsCallback.java" startline="304" endline="323" pcid="4076"></source>
</clone>

<clone nlines="21" similarity="100">
<source file="systems/benews/Baby Smart Games/ICustomTabsCallback.java" startline="259" endline="278" pcid="4073"></source>
<source file="systems/benews/Baby Smart Games/ICustomTabsCallback.java" startline="325" endline="344" pcid="4077"></source>
</clone>

<clone nlines="21" similarity="70">
<source file="systems/benews/Baby Smart Games/ICustomTabsCallback.java" startline="259" endline="278" pcid="4073"></source>
<source file="systems/benews/android/support/v4/app/INotificationSideChannel.java" startline="116" endline="134" pcid="409"></source>
</clone>

<clone nlines="21" similarity="88">
<source file="systems/benews/Baby Smart Games/ICustomTabsCallback.java" startline="259" endline="278" pcid="4073"></source>
<source file="systems/benews/Baby Smart Games/ICustomTabsCallback.java" startline="284" endline="302" pcid="4075"></source>
</clone>

<clone nlines="21" similarity="88">
<source file="systems/benews/Baby Smart Games/ICustomTabsCallback.java" startline="157" endline="175" pcid="4067"></source>
<source file="systems/benews/Baby Smart Games/ICustomTabsCallback.java" startline="259" endline="278" pcid="4073"></source>
</clone>

<clone nlines="21" similarity="70">
<source file="systems/benews/Baby Smart Games/ICustomTabsCallback.java" startline="259" endline="278" pcid="4073"></source>
<source file="systems/benews/android/support/v4/app/INotificationSideChannel.java" startline="179" endline="197" pcid="415"></source>
</clone>

<clone nlines="21" similarity="94">
<source file="systems/benews/Baby Smart Games/ICustomTabsCallback.java" startline="304" endline="323" pcid="4076"></source>
<source file="systems/benews/Baby Smart Games/ICustomTabsCallback.java" startline="325" endline="344" pcid="4077"></source>
</clone>

<clone nlines="21" similarity="70">
<source file="systems/benews/Baby Smart Games/ICustomTabsCallback.java" startline="304" endline="323" pcid="4076"></source>
<source file="systems/benews/android/support/v4/app/INotificationSideChannel.java" startline="116" endline="134" pcid="409"></source>
</clone>

<clone nlines="21" similarity="88">
<source file="systems/benews/Baby Smart Games/ICustomTabsCallback.java" startline="284" endline="302" pcid="4075"></source>
<source file="systems/benews/Baby Smart Games/ICustomTabsCallback.java" startline="304" endline="323" pcid="4076"></source>
</clone>

<clone nlines="21" similarity="88">
<source file="systems/benews/Baby Smart Games/ICustomTabsCallback.java" startline="157" endline="175" pcid="4067"></source>
<source file="systems/benews/Baby Smart Games/ICustomTabsCallback.java" startline="304" endline="323" pcid="4076"></source>
</clone>

<clone nlines="21" similarity="70">
<source file="systems/benews/Baby Smart Games/ICustomTabsCallback.java" startline="304" endline="323" pcid="4076"></source>
<source file="systems/benews/android/support/v4/app/INotificationSideChannel.java" startline="179" endline="197" pcid="415"></source>
</clone>

<clone nlines="20" similarity="88">
<source file="systems/benews/android/support/v4/util/LongSparseArray.java" startline="54" endline="74" pcid="1055"></source>
<source file="systems/benews/android/support/v4/util/SparseArrayCompat.java" startline="54" endline="74" pcid="1083"></source>
</clone>

<clone nlines="21" similarity="70">
<source file="systems/benews/Baby Smart Games/ICustomTabsCallback.java" startline="325" endline="344" pcid="4077"></source>
<source file="systems/benews/android/support/v4/app/INotificationSideChannel.java" startline="116" endline="134" pcid="409"></source>
</clone>

<clone nlines="21" similarity="88">
<source file="systems/benews/Baby Smart Games/ICustomTabsCallback.java" startline="284" endline="302" pcid="4075"></source>
<source file="systems/benews/Baby Smart Games/ICustomTabsCallback.java" startline="325" endline="344" pcid="4077"></source>
</clone>

<clone nlines="21" similarity="88">
<source file="systems/benews/Baby Smart Games/ICustomTabsCallback.java" startline="157" endline="175" pcid="4067"></source>
<source file="systems/benews/Baby Smart Games/ICustomTabsCallback.java" startline="325" endline="344" pcid="4077"></source>
</clone>

<clone nlines="21" similarity="70">
<source file="systems/benews/Baby Smart Games/ICustomTabsCallback.java" startline="325" endline="344" pcid="4077"></source>
<source file="systems/benews/android/support/v4/app/INotificationSideChannel.java" startline="179" endline="197" pcid="415"></source>
</clone>

<clone nlines="24" similarity="100">
<source file="systems/benews/android/support/v7/app/ActionBarImplBase.java" startline="306" endline="328" pcid="2905"></source>
<source file="systems/benews/android/support/v7/app/ActionBarImplBase.java" startline="330" endline="352" pcid="2906"></source>
</clone>

<clone nlines="20" similarity="87">
<source file="systems/benews/android/support/v4/app/LoaderManagerImpl.java" startline="102" endline="122" pcid="198"></source>
<source file="systems/benews/android/support/v4/app/LoaderManagerImpl.java" startline="124" endline="143" pcid="199"></source>
</clone>

<clone nlines="18" similarity="100">
<source file="systems/benews/Baby Smart Games/ICustomTabsService.java" startline="294" endline="312" pcid="4093"></source>
<source file="systems/benews/Baby Smart Games/ICustomTabsService.java" startline="543" endline="561" pcid="4104"></source>
</clone>

<clone nlines="20" similarity="100">
<source file="systems/benews/android/support/v4/app/INotificationSideChannel.java" startline="116" endline="134" pcid="409"></source>
<source file="systems/benews/android/support/v4/app/INotificationSideChannel.java" startline="179" endline="197" pcid="415"></source>
</clone>

<clone nlines="20" similarity="100">
<source file="systems/benews/Baby Smart Games/ICustomTabsCallback.java" startline="157" endline="175" pcid="4067"></source>
<source file="systems/benews/Baby Smart Games/ICustomTabsCallback.java" startline="284" endline="302" pcid="4075"></source>
</clone>

<clone nlines="20" similarity="93">
<source file="systems/benews/android/support/v7/internal/widget/ActionBarContainer.java" startline="204" endline="224" pcid="3179"></source>
<source file="systems/benews/android/support/v7/internal/widget/ActionBarContainer.java" startline="226" endline="246" pcid="3180"></source>
</clone>

<clone nlines="20" similarity="93">
<source file="systems/benews/android/support/v7/internal/widget/ActionBarContainer.java" startline="182" endline="202" pcid="3178"></source>
<source file="systems/benews/android/support/v7/internal/widget/ActionBarContainer.java" startline="226" endline="246" pcid="3180"></source>
</clone>

<clone nlines="20" similarity="93">
<source file="systems/benews/android/support/v7/internal/widget/ActionBarContainer.java" startline="182" endline="202" pcid="3178"></source>
<source file="systems/benews/android/support/v7/internal/widget/ActionBarContainer.java" startline="204" endline="224" pcid="3179"></source>
</clone>

<clone nlines="21" similarity="100">
<source file="systems/benews/android/support/v7/internal/widget/LinearLayoutICS.java" startline="50" endline="69" pcid="3101"></source>
<source file="systems/benews/android/support/v7/internal/widget/LinearLayoutICS.java" startline="71" endline="90" pcid="3102"></source>
</clone>

<clone nlines="18" similarity="93">
<source file="systems/benews/android/support/v4/util/MapCollections.java" startline="492" endline="509" pcid="1203"></source>
<source file="systems/benews/android/support/v4/util/MapCollections.java" startline="511" endline="528" pcid="1204"></source>
</clone>

<clone nlines="19" similarity="100">
<source file="systems/benews/android/support/v4/util/LongSparseArray.java" startline="223" endline="242" pcid="1069"></source>
<source file="systems/benews/android/support/v4/util/SparseArrayCompat.java" startline="231" endline="250" pcid="1098"></source>
</clone>

<clone nlines="14" similarity="71">
<source file="systems/benews/android/support/v4/text/TextDirectionHeuristicsCompat.java" startline="32" endline="43" pcid="810"></source>
<source file="systems/benews/android/support/v4/text/TextDirectionHeuristicsCompat.java" startline="45" endline="60" pcid="811"></source>
</clone>

<clone nlines="15" similarity="83">
<source file="systems/benews/android/support/v4/app/NotificationCompatApi20.java" startline="59" endline="74" pcid="681"></source>
<source file="systems/benews/android/support/v4/app/NotificationCompatJellybean.java" startline="239" endline="254" pcid="391"></source>
</clone>

<clone nlines="13" similarity="75">
<source file="systems/benews/android/support/v4/app/LoaderManagerImpl.java" startline="651" endline="661" pcid="220"></source>
<source file="systems/benews/android/support/v4/app/BackStackRecord.java" startline="803" endline="817" pcid="657"></source>
</clone>

<clone nlines="12" similarity="75">
<source file="systems/benews/android/support/v4/view/GestureDetectorCompat.java" startline="124" endline="137" pcid="2198"></source>
<source file="systems/benews/android/support/v4/view/GestureDetectorCompat.java" startline="139" endline="149" pcid="2199"></source>
</clone>

<clone nlines="14" similarity="72">
<source file="systems/benews/android/support/v4/app/NotificationCompatApi20.java" startline="35" endline="49" pcid="678"></source>
<source file="systems/benews/android/support/v4/app/RemoteInputCompatJellybean.java" startline="41" endline="55" pcid="519"></source>
</clone>

<clone nlines="14" similarity="72">
<source file="systems/benews/android/support/v4/app/RemoteInputCompatJellybean.java" startline="41" endline="55" pcid="519"></source>
<source file="systems/benews/android/support/v4/app/NotificationCompatJellybean.java" startline="176" endline="190" pcid="386"></source>
</clone>

<clone nlines="14" similarity="90">
<source file="systems/benews/android/support/v4/app/NotificationCompatApi20.java" startline="35" endline="49" pcid="678"></source>
<source file="systems/benews/android/support/v4/app/NotificationCompatJellybean.java" startline="176" endline="190" pcid="386"></source>
</clone>

<clone nlines="13" similarity="100">
<source file="systems/benews/android/support/v4/app/INotificationSideChannel.java" startline="86" endline="98" pcid="406"></source>
<source file="systems/benews/android/support/v4/app/INotificationSideChannel.java" startline="149" endline="161" pcid="412"></source>
</clone>

<clone nlines="12" similarity="72">
<source file="systems/benews/android/support/v4/app/INotificationSideChannel.java" startline="100" endline="110" pcid="407"></source>
<source file="systems/benews/android/support/v4/app/INotificationSideChannel.java" startline="149" endline="161" pcid="412"></source>
</clone>

<clone nlines="12" similarity="72">
<source file="systems/benews/android/support/v4/app/INotificationSideChannel.java" startline="149" endline="161" pcid="412"></source>
<source file="systems/benews/android/support/v4/app/INotificationSideChannel.java" startline="163" endline="173" pcid="413"></source>
</clone>

<clone nlines="14" similarity="81">
<source file="systems/benews/android/support/v7/internal/view/menu/BaseMenuWrapper.java" startline="19" endline="32" pcid="3831"></source>
<source file="systems/benews/android/support/v7/internal/view/menu/BaseMenuWrapper.java" startline="34" endline="48" pcid="3832"></source>
</clone>

<clone nlines="12" similarity="72">
<source file="systems/benews/android/support/v4/app/INotificationSideChannel.java" startline="86" endline="98" pcid="406"></source>
<source file="systems/benews/android/support/v4/app/INotificationSideChannel.java" startline="100" endline="110" pcid="407"></source>
</clone>

<clone nlines="12" similarity="72">
<source file="systems/benews/android/support/v4/app/INotificationSideChannel.java" startline="86" endline="98" pcid="406"></source>
<source file="systems/benews/android/support/v4/app/INotificationSideChannel.java" startline="163" endline="173" pcid="413"></source>
</clone>

<clone nlines="14" similarity="90">
<source file="systems/benews/android/support/v4/content/ContextCompat.java" startline="34" endline="47" pcid="993"></source>
<source file="systems/benews/android/support/v4/content/ContextCompat.java" startline="64" endline="77" pcid="995"></source>
</clone>

<clone nlines="14" similarity="81">
<source file="systems/benews/android/support/v7/internal/view/menu/MenuItemImpl.java" startline="367" endline="380" pcid="3671"></source>
<source file="systems/benews/android/support/v7/internal/view/menu/MenuItemImpl.java" startline="391" endline="403" pcid="3673"></source>
</clone>

<clone nlines="13" similarity="90">
<source file="systems/benews/android/support/v4/util/LongSparseArray.java" startline="85" endline="96" pcid="1057"></source>
<source file="systems/benews/android/support/v4/util/SparseArrayCompat.java" startline="85" endline="96" pcid="1085"></source>
</clone>

<clone nlines="14" similarity="100">
<source file="systems/benews/android/support/v4/view/accessibility/AccessibilityRecordCompat.java" startline="26" endline="43" pcid="1949"></source>
<source file="systems/benews/android/support/v4/view/accessibility/AccessibilityNodeInfoCompat.java" startline="156" endline="173" pcid="1744"></source>
</clone>

<clone nlines="16" similarity="81">
<source file="systems/benews/android/support/v4/view/accessibility/AccessibilityNodeProviderCompatKitKat.java" startline="9" endline="27" pcid="2146"></source>
<source file="systems/benews/android/support/v4/view/accessibility/AccessibilityNodeProviderCompatJellyBean.java" startline="9" endline="23" pcid="1726"></source>
</clone>

<clone nlines="12" similarity="70">
<source file="systems/benews/android/support/v7/internal/view/menu/MenuItemImpl.java" startline="391" endline="403" pcid="3673"></source>
<source file="systems/benews/android/support/v7/internal/view/menu/MenuItemImpl.java" startline="416" endline="425" pcid="3675"></source>
</clone>

<clone nlines="12" similarity="70">
<source file="systems/benews/android/support/v7/internal/view/menu/MenuItemImpl.java" startline="482" endline="493" pcid="3685"></source>
<source file="systems/benews/android/support/v7/app/ActionBarImplBase.java" startline="684" endline="695" pcid="2951"></source>
</clone>

<clone nlines="14" similarity="70">
<source file="systems/benews/android/support/v7/internal/view/menu/BaseMenuWrapper.java" startline="57" endline="69" pcid="3834"></source>
<source file="systems/benews/android/support/v7/internal/view/menu/BaseMenuWrapper.java" startline="71" endline="85" pcid="3835"></source>
</clone>

<clone nlines="14" similarity="100">
<source file="systems/benews/android/support/v4/app/FragmentStatePagerAdapter.java" startline="130" endline="143" pcid="530"></source>
<source file="systems/benews/android/support/v4/app/FragmentPagerAdapter.java" startline="79" endline="92" pcid="336"></source>
</clone>

<clone nlines="13" similarity="100">
<source file="systems/benews/android/support/v4/app/ShareCompat.java" startline="307" endline="319" pcid="448"></source>
<source file="systems/benews/android/support/v4/app/ShareCompat.java" startline="321" endline="333" pcid="449"></source>
</clone>

<clone nlines="13" similarity="90">
<source file="systems/benews/android/support/v4/app/ShareCompat.java" startline="307" endline="319" pcid="448"></source>
<source file="systems/benews/android/support/v4/app/ShareCompat.java" startline="335" endline="347" pcid="450"></source>
</clone>

<clone nlines="13" similarity="90">
<source file="systems/benews/android/support/v4/app/ShareCompat.java" startline="321" endline="333" pcid="449"></source>
<source file="systems/benews/android/support/v4/app/ShareCompat.java" startline="335" endline="347" pcid="450"></source>
</clone>

<clone nlines="13" similarity="77">
<source file="systems/benews/android/support/v4/view/PagerTabStrip.java" startline="164" endline="175" pcid="1622"></source>
<source file="systems/benews/android/support/v4/view/PagerTabStrip.java" startline="177" endline="188" pcid="1623"></source>
</clone>

<clone nlines="13" similarity="88">
<source file="systems/benews/android/support/v4/view/PagerTabStrip.java" startline="151" endline="162" pcid="1621"></source>
<source file="systems/benews/android/support/v4/view/PagerTabStrip.java" startline="177" endline="188" pcid="1623"></source>
</clone>

<clone nlines="13" similarity="77">
<source file="systems/benews/android/support/v4/view/PagerTabStrip.java" startline="151" endline="162" pcid="1621"></source>
<source file="systems/benews/android/support/v4/view/PagerTabStrip.java" startline="164" endline="175" pcid="1622"></source>
</clone>

<clone nlines="12" similarity="100">
<source file="systems/benews/android/support/v4/view/ViewCompat.java" startline="391" endline="403" pcid="2334"></source>
<source file="systems/benews/android/support/v4/view/ViewCompat.java" startline="405" endline="417" pcid="2335"></source>
</clone>

<clone nlines="11" similarity="88">
<source file="systems/benews/android/support/v7/internal/view/menu/ActionMenuItem.java" startline="182" endline="192" pcid="3564"></source>
<source file="systems/benews/android/support/v7/internal/view/menu/ActionMenuItem.java" startline="194" endline="204" pcid="3565"></source>
</clone>

<clone nlines="11" similarity="88">
<source file="systems/benews/android/support/v7/internal/view/menu/ActionMenuItem.java" startline="182" endline="192" pcid="3564"></source>
<source file="systems/benews/android/support/v7/internal/view/menu/ActionMenuItem.java" startline="206" endline="216" pcid="3566"></source>
</clone>

<clone nlines="11" similarity="77">
<source file="systems/benews/android/support/v7/internal/view/menu/ActionMenuItem.java" startline="182" endline="192" pcid="3564"></source>
<source file="systems/benews/android/support/v7/internal/view/menu/ActionMenuItem.java" startline="297" endline="307" pcid="3582"></source>
</clone>

<clone nlines="11" similarity="100">
<source file="systems/benews/android/support/v7/internal/view/menu/ActionMenuItem.java" startline="194" endline="204" pcid="3565"></source>
<source file="systems/benews/android/support/v7/internal/view/menu/ActionMenuItem.java" startline="206" endline="216" pcid="3566"></source>
</clone>

<clone nlines="11" similarity="77">
<source file="systems/benews/android/support/v7/internal/view/menu/ActionMenuItem.java" startline="194" endline="204" pcid="3565"></source>
<source file="systems/benews/android/support/v7/internal/view/menu/ActionMenuItem.java" startline="218" endline="228" pcid="3567"></source>
</clone>

<clone nlines="11" similarity="77">
<source file="systems/benews/android/support/v7/internal/view/menu/ActionMenuItem.java" startline="194" endline="204" pcid="3565"></source>
<source file="systems/benews/android/support/v7/internal/view/menu/ActionMenuItem.java" startline="297" endline="307" pcid="3582"></source>
</clone>

<clone nlines="12" similarity="88">
<source file="systems/benews/android/support/v4/util/LongSparseArray.java" startline="18" endline="28" pcid="1053"></source>
<source file="systems/benews/android/support/v4/util/SparseArrayCompat.java" startline="18" endline="28" pcid="1081"></source>
</clone>

<clone nlines="12" similarity="88">
<source file="systems/benews/android/support/v4/util/AtomicFile.java" startline="39" endline="50" pcid="1074"></source>
<source file="systems/benews/android/support/v4/util/AtomicFile.java" startline="52" endline="62" pcid="1075"></source>
</clone>

<clone nlines="11" similarity="77">
<source file="systems/benews/android/support/v7/internal/view/menu/ActionMenuItem.java" startline="206" endline="216" pcid="3566"></source>
<source file="systems/benews/android/support/v7/internal/view/menu/ActionMenuItem.java" startline="218" endline="228" pcid="3567"></source>
</clone>

<clone nlines="11" similarity="77">
<source file="systems/benews/android/support/v7/internal/view/menu/ActionMenuItem.java" startline="206" endline="216" pcid="3566"></source>
<source file="systems/benews/android/support/v7/internal/view/menu/ActionMenuItem.java" startline="297" endline="307" pcid="3582"></source>
</clone>

<clone nlines="11" similarity="100">
<source file="systems/benews/android/support/v4/app/INotificationSideChannel.java" startline="100" endline="110" pcid="407"></source>
<source file="systems/benews/android/support/v4/app/INotificationSideChannel.java" startline="163" endline="173" pcid="413"></source>
</clone>

<clone nlines="11" similarity="75">
<source file="systems/benews/android/support/v7/internal/view/menu/MenuItemImpl.java" startline="416" endline="425" pcid="3675"></source>
<source file="systems/benews/android/support/v7/app/ActionBarImplBase.java" startline="606" endline="614" pcid="2941"></source>
</clone>

<clone nlines="11" similarity="75">
<source file="systems/benews/android/support/v7/internal/view/menu/MenuItemImpl.java" startline="416" endline="425" pcid="3675"></source>
<source file="systems/benews/android/support/v7/app/ActionBarImplBase.java" startline="596" endline="604" pcid="2940"></source>
</clone>

<clone nlines="11" similarity="75">
<source file="systems/benews/android/support/v7/internal/view/menu/MenuItemImpl.java" startline="416" endline="425" pcid="3675"></source>
<source file="systems/benews/android/support/v7/app/ActionBarImplBase.java" startline="586" endline="594" pcid="2939"></source>
</clone>

<clone nlines="11" similarity="75">
<source file="systems/benews/android/support/v7/internal/view/menu/MenuItemImpl.java" startline="416" endline="425" pcid="3675"></source>
<source file="systems/benews/android/support/v7/app/ActionBarImplBase.java" startline="576" endline="584" pcid="2938"></source>
</clone>

<clone nlines="11" similarity="75">
<source file="systems/benews/android/support/v7/internal/view/menu/MenuItemImpl.java" startline="416" endline="425" pcid="3675"></source>
<source file="systems/benews/android/support/v7/app/ActionBarImplBase.java" startline="553" endline="561" pcid="2935"></source>
</clone>

<clone nlines="11" similarity="100">
<source file="systems/benews/android/support/v7/app/ActionBarImplICS.java" startline="440" endline="449" pcid="2793"></source>
<source file="systems/benews/android/support/v7/app/ActionBarImplICS.java" startline="451" endline="460" pcid="2794"></source>
</clone>

<clone nlines="11" similarity="87">
<source file="systems/benews/android/support/v7/app/ActionBarImplICS.java" startline="451" endline="460" pcid="2794"></source>
<source file="systems/benews/android/support/v7/app/ActionBarImplICS.java" startline="462" endline="470" pcid="2795"></source>
</clone>

<clone nlines="11" similarity="87">
<source file="systems/benews/android/support/v7/app/ActionBarImplICS.java" startline="440" endline="449" pcid="2793"></source>
<source file="systems/benews/android/support/v7/app/ActionBarImplICS.java" startline="462" endline="470" pcid="2795"></source>
</clone>

<clone nlines="10" similarity="75">
<source file="systems/benews/android/support/v4/widget/ViewDragHelper.java" startline="192" endline="203" pcid="1221"></source>
<source file="systems/benews/android/support/v4/widget/ViewDragHelper.java" startline="205" endline="216" pcid="1222"></source>
</clone>

<clone nlines="11" similarity="75">
<source file="systems/benews/android/support/v4/util/LongSparseArray.java" startline="110" endline="120" pcid="1060"></source>
<source file="systems/benews/android/support/v4/util/SparseArrayCompat.java" startline="110" endline="120" pcid="1088"></source>
</clone>

<clone nlines="10" similarity="75">
<source file="systems/benews/android/support/v4/app/NotificationCompatSideChannelService.java" startline="44" endline="53" pcid="188"></source>
<source file="systems/benews/android/support/v4/app/NotificationCompatSideChannelService.java" startline="55" endline="64" pcid="189"></source>
</clone>

<clone nlines="10" similarity="75">
<source file="systems/benews/android/support/v4/app/NotificationCompatSideChannelService.java" startline="44" endline="53" pcid="188"></source>
<source file="systems/benews/android/support/v4/app/NotificationCompatSideChannelService.java" startline="66" endline="75" pcid="190"></source>
</clone>

<clone nlines="10" similarity="75">
<source file="systems/benews/android/support/v4/app/NotificationCompatSideChannelService.java" startline="55" endline="64" pcid="189"></source>
<source file="systems/benews/android/support/v4/app/NotificationCompatSideChannelService.java" startline="66" endline="75" pcid="190"></source>
</clone>

<clone nlines="10" similarity="100">
<source file="systems/benews/android/support/v7/app/ActionBarImplBase.java" startline="596" endline="604" pcid="2940"></source>
<source file="systems/benews/android/support/v7/app/ActionBarImplBase.java" startline="606" endline="614" pcid="2941"></source>
</clone>

<clone nlines="10" similarity="100">
<source file="systems/benews/android/support/v7/app/ActionBarImplBase.java" startline="586" endline="594" pcid="2939"></source>
<source file="systems/benews/android/support/v7/app/ActionBarImplBase.java" startline="606" endline="614" pcid="2941"></source>
</clone>

<clone nlines="10" similarity="100">
<source file="systems/benews/android/support/v7/app/ActionBarImplBase.java" startline="576" endline="584" pcid="2938"></source>
<source file="systems/benews/android/support/v7/app/ActionBarImplBase.java" startline="606" endline="614" pcid="2941"></source>
</clone>

<clone nlines="10" similarity="100">
<source file="systems/benews/android/support/v7/app/ActionBarImplBase.java" startline="553" endline="561" pcid="2935"></source>
<source file="systems/benews/android/support/v7/app/ActionBarImplBase.java" startline="606" endline="614" pcid="2941"></source>
</clone>

<clone nlines="10" similarity="100">
<source file="systems/benews/android/support/v7/app/ActionBarImplBase.java" startline="586" endline="594" pcid="2939"></source>
<source file="systems/benews/android/support/v7/app/ActionBarImplBase.java" startline="596" endline="604" pcid="2940"></source>
</clone>

<clone nlines="10" similarity="100">
<source file="systems/benews/android/support/v7/app/ActionBarImplBase.java" startline="576" endline="584" pcid="2938"></source>
<source file="systems/benews/android/support/v7/app/ActionBarImplBase.java" startline="596" endline="604" pcid="2940"></source>
</clone>

<clone nlines="10" similarity="100">
<source file="systems/benews/android/support/v7/app/ActionBarImplBase.java" startline="553" endline="561" pcid="2935"></source>
<source file="systems/benews/android/support/v7/app/ActionBarImplBase.java" startline="596" endline="604" pcid="2940"></source>
</clone>

<clone nlines="10" similarity="100">
<source file="systems/benews/android/support/v7/app/ActionBarImplBase.java" startline="576" endline="584" pcid="2938"></source>
<source file="systems/benews/android/support/v7/app/ActionBarImplBase.java" startline="586" endline="594" pcid="2939"></source>
</clone>

<clone nlines="10" similarity="100">
<source file="systems/benews/android/support/v7/app/ActionBarImplBase.java" startline="553" endline="561" pcid="2935"></source>
<source file="systems/benews/android/support/v7/app/ActionBarImplBase.java" startline="586" endline="594" pcid="2939"></source>
</clone>

<clone nlines="10" similarity="100">
<source file="systems/benews/android/support/v7/app/ActionBarImplBase.java" startline="553" endline="561" pcid="2935"></source>
<source file="systems/benews/android/support/v7/app/ActionBarImplBase.java" startline="576" endline="584" pcid="2938"></source>
</clone>

<clone nlines="10" similarity="100">
<source file="systems/benews/android/support/v7/app/ActionBarActivityDelegateBase.java" startline="467" endline="475" pcid="2712"></source>
<source file="systems/benews/android/support/v7/app/ActionBarActivityDelegateBase.java" startline="477" endline="485" pcid="2713"></source>
</clone>

<clone nlines="10" similarity="100">
<source file="systems/benews/android/support/v7/app/ActionBarActivityDelegateBase.java" startline="457" endline="465" pcid="2711"></source>
<source file="systems/benews/android/support/v7/app/ActionBarActivityDelegateBase.java" startline="477" endline="485" pcid="2713"></source>
</clone>

<clone nlines="10" similarity="100">
<source file="systems/benews/android/support/v7/app/ActionBarActivityDelegateBase.java" startline="457" endline="465" pcid="2711"></source>
<source file="systems/benews/android/support/v7/app/ActionBarActivityDelegateBase.java" startline="467" endline="475" pcid="2712"></source>
</clone>

<clone nlines="10" similarity="85">
<source file="systems/benews/android/support/v4/widget/CursorAdapter.java" startline="48" endline="56" pcid="1414"></source>
<source file="systems/benews/android/support/v4/widget/CursorAdapter.java" startline="172" endline="180" pcid="1427"></source>
</clone>

<clone nlines="10" similarity="85">
<source file="systems/benews/android/support/v4/util/SimpleArrayMap.java" startline="346" endline="354" pcid="1111"></source>
<source file="systems/benews/android/support/v4/util/SimpleArrayMap.java" startline="648" endline="656" pcid="1120"></source>
</clone>

</clones>
