<clones>
<systeminfo processor="nicad6" system="BreakBottleNeckBadNews3" granularity="functions-blind" threshold="30%" minlines="10" maxlines="2500"/>
<cloneinfo npcs="1191" npairs="240"/>
<runinfo ncompares="4302" cputime="144755"/>

<clone nlines="44" similarity="97">
<source file="systems/BreakBottleNeckBadNews3/sandwitch/ShaderProgram.java" startline="69" endline="115" pcid="1101"></source>
<source file="systems/BreakBottleNeckBadNews3/sandwitch/ShaderProgram.java" startline="117" endline="163" pcid="1102"></source>
</clone>

<clone nlines="44" similarity="97">
<source file="systems/BreakBottleNeckBadNews3/org/andengine/opengl/shader/ShaderProgram.java" startline="69" endline="115" pcid="897"></source>
<source file="systems/BreakBottleNeckBadNews3/sandwitch/ShaderProgram.java" startline="117" endline="163" pcid="1102"></source>
</clone>

<clone nlines="44" similarity="100">
<source file="systems/BreakBottleNeckBadNews3/org/andengine/opengl/shader/ShaderProgram.java" startline="117" endline="163" pcid="898"></source>
<source file="systems/BreakBottleNeckBadNews3/sandwitch/ShaderProgram.java" startline="117" endline="163" pcid="1102"></source>
</clone>

<clone nlines="44" similarity="100">
<source file="systems/BreakBottleNeckBadNews3/org/andengine/opengl/shader/ShaderProgram.java" startline="69" endline="115" pcid="897"></source>
<source file="systems/BreakBottleNeckBadNews3/sandwitch/ShaderProgram.java" startline="69" endline="115" pcid="1101"></source>
</clone>

<clone nlines="44" similarity="97">
<source file="systems/BreakBottleNeckBadNews3/org/andengine/opengl/shader/ShaderProgram.java" startline="117" endline="163" pcid="898"></source>
<source file="systems/BreakBottleNeckBadNews3/sandwitch/ShaderProgram.java" startline="69" endline="115" pcid="1101"></source>
</clone>

<clone nlines="44" similarity="97">
<source file="systems/BreakBottleNeckBadNews3/org/andengine/opengl/shader/ShaderProgram.java" startline="69" endline="115" pcid="897"></source>
<source file="systems/BreakBottleNeckBadNews3/org/andengine/opengl/shader/ShaderProgram.java" startline="117" endline="163" pcid="898"></source>
</clone>

<clone nlines="38" similarity="100">
<source file="systems/BreakBottleNeckBadNews3/guys Race/ICustomTabsService.java" startline="257" endline="292" pcid="1177"></source>
<source file="systems/BreakBottleNeckBadNews3/guys Race/ICustomTabsService.java" startline="506" endline="541" pcid="1188"></source>
</clone>

<clone nlines="38" similarity="90">
<source file="systems/BreakBottleNeckBadNews3/guys Race/ICustomTabsService.java" startline="357" endline="392" pcid="1183"></source>
<source file="systems/BreakBottleNeckBadNews3/guys Race/ICustomTabsService.java" startline="506" endline="541" pcid="1188"></source>
</clone>

<clone nlines="38" similarity="90">
<source file="systems/BreakBottleNeckBadNews3/guys Race/ICustomTabsService.java" startline="108" endline="143" pcid="1172"></source>
<source file="systems/BreakBottleNeckBadNews3/guys Race/ICustomTabsService.java" startline="506" endline="541" pcid="1188"></source>
</clone>

<clone nlines="34" similarity="73">
<source file="systems/BreakBottleNeckBadNews3/guys Race/ICustomTabsService.java" startline="476" endline="504" pcid="1187"></source>
<source file="systems/BreakBottleNeckBadNews3/guys Race/ICustomTabsService.java" startline="506" endline="541" pcid="1188"></source>
</clone>

<clone nlines="34" similarity="73">
<source file="systems/BreakBottleNeckBadNews3/guys Race/ICustomTabsService.java" startline="446" endline="474" pcid="1186"></source>
<source file="systems/BreakBottleNeckBadNews3/guys Race/ICustomTabsService.java" startline="506" endline="541" pcid="1188"></source>
</clone>

<clone nlines="34" similarity="73">
<source file="systems/BreakBottleNeckBadNews3/guys Race/ICustomTabsService.java" startline="227" endline="255" pcid="1176"></source>
<source file="systems/BreakBottleNeckBadNews3/guys Race/ICustomTabsService.java" startline="506" endline="541" pcid="1188"></source>
</clone>

<clone nlines="34" similarity="73">
<source file="systems/BreakBottleNeckBadNews3/guys Race/ICustomTabsService.java" startline="197" endline="225" pcid="1175"></source>
<source file="systems/BreakBottleNeckBadNews3/guys Race/ICustomTabsService.java" startline="506" endline="541" pcid="1188"></source>
</clone>

<clone nlines="38" similarity="90">
<source file="systems/BreakBottleNeckBadNews3/guys Race/ICustomTabsService.java" startline="257" endline="292" pcid="1177"></source>
<source file="systems/BreakBottleNeckBadNews3/guys Race/ICustomTabsService.java" startline="357" endline="392" pcid="1183"></source>
</clone>

<clone nlines="38" similarity="90">
<source file="systems/BreakBottleNeckBadNews3/guys Race/ICustomTabsService.java" startline="108" endline="143" pcid="1172"></source>
<source file="systems/BreakBottleNeckBadNews3/guys Race/ICustomTabsService.java" startline="257" endline="292" pcid="1177"></source>
</clone>

<clone nlines="34" similarity="73">
<source file="systems/BreakBottleNeckBadNews3/guys Race/ICustomTabsService.java" startline="257" endline="292" pcid="1177"></source>
<source file="systems/BreakBottleNeckBadNews3/guys Race/ICustomTabsService.java" startline="476" endline="504" pcid="1187"></source>
</clone>

<clone nlines="34" similarity="73">
<source file="systems/BreakBottleNeckBadNews3/guys Race/ICustomTabsService.java" startline="257" endline="292" pcid="1177"></source>
<source file="systems/BreakBottleNeckBadNews3/guys Race/ICustomTabsService.java" startline="446" endline="474" pcid="1186"></source>
</clone>

<clone nlines="34" similarity="73">
<source file="systems/BreakBottleNeckBadNews3/guys Race/ICustomTabsService.java" startline="227" endline="255" pcid="1176"></source>
<source file="systems/BreakBottleNeckBadNews3/guys Race/ICustomTabsService.java" startline="257" endline="292" pcid="1177"></source>
</clone>

<clone nlines="34" similarity="73">
<source file="systems/BreakBottleNeckBadNews3/guys Race/ICustomTabsService.java" startline="197" endline="225" pcid="1175"></source>
<source file="systems/BreakBottleNeckBadNews3/guys Race/ICustomTabsService.java" startline="257" endline="292" pcid="1177"></source>
</clone>

<clone nlines="38" similarity="100">
<source file="systems/BreakBottleNeckBadNews3/guys Race/ICustomTabsService.java" startline="108" endline="143" pcid="1172"></source>
<source file="systems/BreakBottleNeckBadNews3/guys Race/ICustomTabsService.java" startline="357" endline="392" pcid="1183"></source>
</clone>

<clone nlines="34" similarity="76">
<source file="systems/BreakBottleNeckBadNews3/guys Race/ICustomTabsService.java" startline="357" endline="392" pcid="1183"></source>
<source file="systems/BreakBottleNeckBadNews3/guys Race/ICustomTabsService.java" startline="476" endline="504" pcid="1187"></source>
</clone>

<clone nlines="34" similarity="76">
<source file="systems/BreakBottleNeckBadNews3/guys Race/ICustomTabsService.java" startline="357" endline="392" pcid="1183"></source>
<source file="systems/BreakBottleNeckBadNews3/guys Race/ICustomTabsService.java" startline="446" endline="474" pcid="1186"></source>
</clone>

<clone nlines="34" similarity="76">
<source file="systems/BreakBottleNeckBadNews3/guys Race/ICustomTabsService.java" startline="227" endline="255" pcid="1176"></source>
<source file="systems/BreakBottleNeckBadNews3/guys Race/ICustomTabsService.java" startline="357" endline="392" pcid="1183"></source>
</clone>

<clone nlines="34" similarity="76">
<source file="systems/BreakBottleNeckBadNews3/guys Race/ICustomTabsService.java" startline="197" endline="225" pcid="1175"></source>
<source file="systems/BreakBottleNeckBadNews3/guys Race/ICustomTabsService.java" startline="357" endline="392" pcid="1183"></source>
</clone>

<clone nlines="34" similarity="76">
<source file="systems/BreakBottleNeckBadNews3/guys Race/ICustomTabsService.java" startline="108" endline="143" pcid="1172"></source>
<source file="systems/BreakBottleNeckBadNews3/guys Race/ICustomTabsService.java" startline="476" endline="504" pcid="1187"></source>
</clone>

<clone nlines="34" similarity="76">
<source file="systems/BreakBottleNeckBadNews3/guys Race/ICustomTabsService.java" startline="108" endline="143" pcid="1172"></source>
<source file="systems/BreakBottleNeckBadNews3/guys Race/ICustomTabsService.java" startline="446" endline="474" pcid="1186"></source>
</clone>

<clone nlines="34" similarity="76">
<source file="systems/BreakBottleNeckBadNews3/guys Race/ICustomTabsService.java" startline="108" endline="143" pcid="1172"></source>
<source file="systems/BreakBottleNeckBadNews3/guys Race/ICustomTabsService.java" startline="227" endline="255" pcid="1176"></source>
</clone>

<clone nlines="34" similarity="76">
<source file="systems/BreakBottleNeckBadNews3/guys Race/ICustomTabsService.java" startline="108" endline="143" pcid="1172"></source>
<source file="systems/BreakBottleNeckBadNews3/guys Race/ICustomTabsService.java" startline="197" endline="225" pcid="1175"></source>
</clone>

<clone nlines="30" similarity="100">
<source file="systems/BreakBottleNeckBadNews3/org/andengine/opengl/texture/compressed/pvr/PVRTexture.java" startline="74" endline="105" pcid="79"></source>
<source file="systems/BreakBottleNeckBadNews3/sandwitch/PVRTexture.java" startline="74" endline="105" pcid="1040"></source>
</clone>

<clone nlines="35" similarity="100">
<source file="systems/BreakBottleNeckBadNews3/org/andengine/opengl/util/GLHelper.java" startline="143" endline="177" pcid="668"></source>
<source file="systems/BreakBottleNeckBadNews3/sandwitch/GLHelper.java" startline="143" endline="177" pcid="1084"></source>
</clone>

<clone nlines="30" similarity="100">
<source file="systems/BreakBottleNeckBadNews3/guys Race/ICustomTabsService.java" startline="446" endline="474" pcid="1186"></source>
<source file="systems/BreakBottleNeckBadNews3/guys Race/ICustomTabsService.java" startline="476" endline="504" pcid="1187"></source>
</clone>

<clone nlines="30" similarity="100">
<source file="systems/BreakBottleNeckBadNews3/guys Race/ICustomTabsService.java" startline="227" endline="255" pcid="1176"></source>
<source file="systems/BreakBottleNeckBadNews3/guys Race/ICustomTabsService.java" startline="476" endline="504" pcid="1187"></source>
</clone>

<clone nlines="30" similarity="100">
<source file="systems/BreakBottleNeckBadNews3/guys Race/ICustomTabsService.java" startline="197" endline="225" pcid="1175"></source>
<source file="systems/BreakBottleNeckBadNews3/guys Race/ICustomTabsService.java" startline="476" endline="504" pcid="1187"></source>
</clone>

<clone nlines="29" similarity="79">
<source file="systems/BreakBottleNeckBadNews3/guys Race/ICustomTabsService.java" startline="476" endline="504" pcid="1187"></source>
<source file="systems/BreakBottleNeckBadNews3/guys Race/IPostMessageService.java" startline="178" endline="203" pcid="1143"></source>
</clone>

<clone nlines="29" similarity="79">
<source file="systems/BreakBottleNeckBadNews3/guys Race/ICustomTabsService.java" startline="476" endline="504" pcid="1187"></source>
<source file="systems/BreakBottleNeckBadNews3/guys Race/IPostMessageService.java" startline="108" endline="133" pcid="1138"></source>
</clone>

<clone nlines="29" similarity="79">
<source file="systems/BreakBottleNeckBadNews3/guys Race/ICustomTabsService.java" startline="419" endline="444" pcid="1185"></source>
<source file="systems/BreakBottleNeckBadNews3/guys Race/ICustomTabsService.java" startline="476" endline="504" pcid="1187"></source>
</clone>

<clone nlines="29" similarity="79">
<source file="systems/BreakBottleNeckBadNews3/guys Race/ICustomTabsService.java" startline="170" endline="195" pcid="1174"></source>
<source file="systems/BreakBottleNeckBadNews3/guys Race/ICustomTabsService.java" startline="476" endline="504" pcid="1187"></source>
</clone>

<clone nlines="29" similarity="79">
<source file="systems/BreakBottleNeckBadNews3/guys Race/ICustomTabsService.java" startline="476" endline="504" pcid="1187"></source>
<source file="systems/BreakBottleNeckBadNews3/guys Race/IPostMessageService.java" startline="82" endline="106" pcid="1137"></source>
</clone>

<clone nlines="29" similarity="79">
<source file="systems/BreakBottleNeckBadNews3/guys Race/ICustomTabsService.java" startline="476" endline="504" pcid="1187"></source>
<source file="systems/BreakBottleNeckBadNews3/guys Race/IPostMessageService.java" startline="152" endline="176" pcid="1142"></source>
</clone>

<clone nlines="30" similarity="100">
<source file="systems/BreakBottleNeckBadNews3/guys Race/ICustomTabsService.java" startline="227" endline="255" pcid="1176"></source>
<source file="systems/BreakBottleNeckBadNews3/guys Race/ICustomTabsService.java" startline="446" endline="474" pcid="1186"></source>
</clone>

<clone nlines="30" similarity="100">
<source file="systems/BreakBottleNeckBadNews3/guys Race/ICustomTabsService.java" startline="197" endline="225" pcid="1175"></source>
<source file="systems/BreakBottleNeckBadNews3/guys Race/ICustomTabsService.java" startline="446" endline="474" pcid="1186"></source>
</clone>

<clone nlines="29" similarity="79">
<source file="systems/BreakBottleNeckBadNews3/guys Race/ICustomTabsService.java" startline="446" endline="474" pcid="1186"></source>
<source file="systems/BreakBottleNeckBadNews3/guys Race/IPostMessageService.java" startline="178" endline="203" pcid="1143"></source>
</clone>

<clone nlines="29" similarity="79">
<source file="systems/BreakBottleNeckBadNews3/guys Race/ICustomTabsService.java" startline="446" endline="474" pcid="1186"></source>
<source file="systems/BreakBottleNeckBadNews3/guys Race/IPostMessageService.java" startline="108" endline="133" pcid="1138"></source>
</clone>

<clone nlines="29" similarity="79">
<source file="systems/BreakBottleNeckBadNews3/guys Race/ICustomTabsService.java" startline="419" endline="444" pcid="1185"></source>
<source file="systems/BreakBottleNeckBadNews3/guys Race/ICustomTabsService.java" startline="446" endline="474" pcid="1186"></source>
</clone>

<clone nlines="29" similarity="79">
<source file="systems/BreakBottleNeckBadNews3/guys Race/ICustomTabsService.java" startline="170" endline="195" pcid="1174"></source>
<source file="systems/BreakBottleNeckBadNews3/guys Race/ICustomTabsService.java" startline="446" endline="474" pcid="1186"></source>
</clone>

<clone nlines="29" similarity="79">
<source file="systems/BreakBottleNeckBadNews3/guys Race/ICustomTabsService.java" startline="446" endline="474" pcid="1186"></source>
<source file="systems/BreakBottleNeckBadNews3/guys Race/IPostMessageService.java" startline="82" endline="106" pcid="1137"></source>
</clone>

<clone nlines="29" similarity="79">
<source file="systems/BreakBottleNeckBadNews3/guys Race/ICustomTabsService.java" startline="446" endline="474" pcid="1186"></source>
<source file="systems/BreakBottleNeckBadNews3/guys Race/IPostMessageService.java" startline="152" endline="176" pcid="1142"></source>
</clone>

<clone nlines="30" similarity="100">
<source file="systems/BreakBottleNeckBadNews3/guys Race/ICustomTabsService.java" startline="197" endline="225" pcid="1175"></source>
<source file="systems/BreakBottleNeckBadNews3/guys Race/ICustomTabsService.java" startline="227" endline="255" pcid="1176"></source>
</clone>

<clone nlines="29" similarity="79">
<source file="systems/BreakBottleNeckBadNews3/guys Race/ICustomTabsService.java" startline="227" endline="255" pcid="1176"></source>
<source file="systems/BreakBottleNeckBadNews3/guys Race/IPostMessageService.java" startline="178" endline="203" pcid="1143"></source>
</clone>

<clone nlines="29" similarity="79">
<source file="systems/BreakBottleNeckBadNews3/guys Race/ICustomTabsService.java" startline="227" endline="255" pcid="1176"></source>
<source file="systems/BreakBottleNeckBadNews3/guys Race/IPostMessageService.java" startline="108" endline="133" pcid="1138"></source>
</clone>

<clone nlines="29" similarity="79">
<source file="systems/BreakBottleNeckBadNews3/guys Race/ICustomTabsService.java" startline="227" endline="255" pcid="1176"></source>
<source file="systems/BreakBottleNeckBadNews3/guys Race/ICustomTabsService.java" startline="419" endline="444" pcid="1185"></source>
</clone>

<clone nlines="29" similarity="79">
<source file="systems/BreakBottleNeckBadNews3/guys Race/ICustomTabsService.java" startline="170" endline="195" pcid="1174"></source>
<source file="systems/BreakBottleNeckBadNews3/guys Race/ICustomTabsService.java" startline="227" endline="255" pcid="1176"></source>
</clone>

<clone nlines="29" similarity="79">
<source file="systems/BreakBottleNeckBadNews3/guys Race/ICustomTabsService.java" startline="227" endline="255" pcid="1176"></source>
<source file="systems/BreakBottleNeckBadNews3/guys Race/IPostMessageService.java" startline="82" endline="106" pcid="1137"></source>
</clone>

<clone nlines="29" similarity="79">
<source file="systems/BreakBottleNeckBadNews3/guys Race/ICustomTabsService.java" startline="227" endline="255" pcid="1176"></source>
<source file="systems/BreakBottleNeckBadNews3/guys Race/IPostMessageService.java" startline="152" endline="176" pcid="1142"></source>
</clone>

<clone nlines="29" similarity="79">
<source file="systems/BreakBottleNeckBadNews3/guys Race/ICustomTabsService.java" startline="197" endline="225" pcid="1175"></source>
<source file="systems/BreakBottleNeckBadNews3/guys Race/IPostMessageService.java" startline="178" endline="203" pcid="1143"></source>
</clone>

<clone nlines="29" similarity="79">
<source file="systems/BreakBottleNeckBadNews3/guys Race/ICustomTabsService.java" startline="197" endline="225" pcid="1175"></source>
<source file="systems/BreakBottleNeckBadNews3/guys Race/IPostMessageService.java" startline="108" endline="133" pcid="1138"></source>
</clone>

<clone nlines="29" similarity="79">
<source file="systems/BreakBottleNeckBadNews3/guys Race/ICustomTabsService.java" startline="197" endline="225" pcid="1175"></source>
<source file="systems/BreakBottleNeckBadNews3/guys Race/ICustomTabsService.java" startline="419" endline="444" pcid="1185"></source>
</clone>

<clone nlines="29" similarity="79">
<source file="systems/BreakBottleNeckBadNews3/guys Race/ICustomTabsService.java" startline="170" endline="195" pcid="1174"></source>
<source file="systems/BreakBottleNeckBadNews3/guys Race/ICustomTabsService.java" startline="197" endline="225" pcid="1175"></source>
</clone>

<clone nlines="29" similarity="79">
<source file="systems/BreakBottleNeckBadNews3/guys Race/ICustomTabsService.java" startline="197" endline="225" pcid="1175"></source>
<source file="systems/BreakBottleNeckBadNews3/guys Race/IPostMessageService.java" startline="82" endline="106" pcid="1137"></source>
</clone>

<clone nlines="29" similarity="79">
<source file="systems/BreakBottleNeckBadNews3/guys Race/ICustomTabsService.java" startline="197" endline="225" pcid="1175"></source>
<source file="systems/BreakBottleNeckBadNews3/guys Race/IPostMessageService.java" startline="152" endline="176" pcid="1142"></source>
</clone>

<clone nlines="28" similarity="100">
<source file="systems/BreakBottleNeckBadNews3/guys Race/IPostMessageService.java" startline="108" endline="133" pcid="1138"></source>
<source file="systems/BreakBottleNeckBadNews3/guys Race/IPostMessageService.java" startline="178" endline="203" pcid="1143"></source>
</clone>

<clone nlines="28" similarity="90">
<source file="systems/BreakBottleNeckBadNews3/guys Race/ICustomTabsService.java" startline="419" endline="444" pcid="1185"></source>
<source file="systems/BreakBottleNeckBadNews3/guys Race/IPostMessageService.java" startline="178" endline="203" pcid="1143"></source>
</clone>

<clone nlines="28" similarity="90">
<source file="systems/BreakBottleNeckBadNews3/guys Race/ICustomTabsService.java" startline="170" endline="195" pcid="1174"></source>
<source file="systems/BreakBottleNeckBadNews3/guys Race/IPostMessageService.java" startline="178" endline="203" pcid="1143"></source>
</clone>

<clone nlines="28" similarity="90">
<source file="systems/BreakBottleNeckBadNews3/guys Race/IPostMessageService.java" startline="82" endline="106" pcid="1137"></source>
<source file="systems/BreakBottleNeckBadNews3/guys Race/IPostMessageService.java" startline="178" endline="203" pcid="1143"></source>
</clone>

<clone nlines="28" similarity="90">
<source file="systems/BreakBottleNeckBadNews3/guys Race/IPostMessageService.java" startline="152" endline="176" pcid="1142"></source>
<source file="systems/BreakBottleNeckBadNews3/guys Race/IPostMessageService.java" startline="178" endline="203" pcid="1143"></source>
</clone>

<clone nlines="25" similarity="72">
<source file="systems/BreakBottleNeckBadNews3/guys Race/IPostMessageService.java" startline="178" endline="203" pcid="1143"></source>
<source file="systems/BreakBottleNeckBadNews3/guys Race/ICustomTabsCallback.java" startline="198" endline="217" pcid="1154"></source>
</clone>

<clone nlines="25" similarity="72">
<source file="systems/BreakBottleNeckBadNews3/guys Race/IPostMessageService.java" startline="178" endline="203" pcid="1143"></source>
<source file="systems/BreakBottleNeckBadNews3/guys Race/ICustomTabsCallback.java" startline="177" endline="196" pcid="1153"></source>
</clone>

<clone nlines="25" similarity="72">
<source file="systems/BreakBottleNeckBadNews3/guys Race/IPostMessageService.java" startline="178" endline="203" pcid="1143"></source>
<source file="systems/BreakBottleNeckBadNews3/guys Race/ICustomTabsCallback.java" startline="259" endline="278" pcid="1158"></source>
</clone>

<clone nlines="25" similarity="72">
<source file="systems/BreakBottleNeckBadNews3/guys Race/IPostMessageService.java" startline="178" endline="203" pcid="1143"></source>
<source file="systems/BreakBottleNeckBadNews3/guys Race/ICustomTabsCallback.java" startline="132" endline="151" pcid="1150"></source>
</clone>

<clone nlines="25" similarity="72">
<source file="systems/BreakBottleNeckBadNews3/guys Race/IPostMessageService.java" startline="178" endline="203" pcid="1143"></source>
<source file="systems/BreakBottleNeckBadNews3/guys Race/ICustomTabsCallback.java" startline="304" endline="323" pcid="1161"></source>
</clone>

<clone nlines="25" similarity="72">
<source file="systems/BreakBottleNeckBadNews3/guys Race/IPostMessageService.java" startline="178" endline="203" pcid="1143"></source>
<source file="systems/BreakBottleNeckBadNews3/guys Race/ICustomTabsCallback.java" startline="325" endline="344" pcid="1162"></source>
</clone>

<clone nlines="28" similarity="100">
<source file="systems/BreakBottleNeckBadNews3/guys Race/ICustomTabsCallback.java" startline="219" endline="244" pcid="1155"></source>
<source file="systems/BreakBottleNeckBadNews3/guys Race/ICustomTabsCallback.java" startline="346" endline="371" pcid="1163"></source>
</clone>

<clone nlines="28" similarity="90">
<source file="systems/BreakBottleNeckBadNews3/guys Race/ICustomTabsService.java" startline="419" endline="444" pcid="1185"></source>
<source file="systems/BreakBottleNeckBadNews3/guys Race/IPostMessageService.java" startline="108" endline="133" pcid="1138"></source>
</clone>

<clone nlines="28" similarity="90">
<source file="systems/BreakBottleNeckBadNews3/guys Race/ICustomTabsService.java" startline="170" endline="195" pcid="1174"></source>
<source file="systems/BreakBottleNeckBadNews3/guys Race/IPostMessageService.java" startline="108" endline="133" pcid="1138"></source>
</clone>

<clone nlines="28" similarity="90">
<source file="systems/BreakBottleNeckBadNews3/guys Race/IPostMessageService.java" startline="82" endline="106" pcid="1137"></source>
<source file="systems/BreakBottleNeckBadNews3/guys Race/IPostMessageService.java" startline="108" endline="133" pcid="1138"></source>
</clone>

<clone nlines="28" similarity="90">
<source file="systems/BreakBottleNeckBadNews3/guys Race/IPostMessageService.java" startline="108" endline="133" pcid="1138"></source>
<source file="systems/BreakBottleNeckBadNews3/guys Race/IPostMessageService.java" startline="152" endline="176" pcid="1142"></source>
</clone>

<clone nlines="25" similarity="72">
<source file="systems/BreakBottleNeckBadNews3/guys Race/IPostMessageService.java" startline="108" endline="133" pcid="1138"></source>
<source file="systems/BreakBottleNeckBadNews3/guys Race/ICustomTabsCallback.java" startline="198" endline="217" pcid="1154"></source>
</clone>

<clone nlines="25" similarity="72">
<source file="systems/BreakBottleNeckBadNews3/guys Race/IPostMessageService.java" startline="108" endline="133" pcid="1138"></source>
<source file="systems/BreakBottleNeckBadNews3/guys Race/ICustomTabsCallback.java" startline="177" endline="196" pcid="1153"></source>
</clone>

<clone nlines="25" similarity="72">
<source file="systems/BreakBottleNeckBadNews3/guys Race/IPostMessageService.java" startline="108" endline="133" pcid="1138"></source>
<source file="systems/BreakBottleNeckBadNews3/guys Race/ICustomTabsCallback.java" startline="259" endline="278" pcid="1158"></source>
</clone>

<clone nlines="25" similarity="72">
<source file="systems/BreakBottleNeckBadNews3/guys Race/IPostMessageService.java" startline="108" endline="133" pcid="1138"></source>
<source file="systems/BreakBottleNeckBadNews3/guys Race/ICustomTabsCallback.java" startline="132" endline="151" pcid="1150"></source>
</clone>

<clone nlines="25" similarity="72">
<source file="systems/BreakBottleNeckBadNews3/guys Race/IPostMessageService.java" startline="108" endline="133" pcid="1138"></source>
<source file="systems/BreakBottleNeckBadNews3/guys Race/ICustomTabsCallback.java" startline="304" endline="323" pcid="1161"></source>
</clone>

<clone nlines="25" similarity="72">
<source file="systems/BreakBottleNeckBadNews3/guys Race/IPostMessageService.java" startline="108" endline="133" pcid="1138"></source>
<source file="systems/BreakBottleNeckBadNews3/guys Race/ICustomTabsCallback.java" startline="325" endline="344" pcid="1162"></source>
</clone>

<clone nlines="28" similarity="100">
<source file="systems/BreakBottleNeckBadNews3/guys Race/ICustomTabsService.java" startline="170" endline="195" pcid="1174"></source>
<source file="systems/BreakBottleNeckBadNews3/guys Race/ICustomTabsService.java" startline="419" endline="444" pcid="1185"></source>
</clone>

<clone nlines="28" similarity="86">
<source file="systems/BreakBottleNeckBadNews3/guys Race/ICustomTabsService.java" startline="419" endline="444" pcid="1185"></source>
<source file="systems/BreakBottleNeckBadNews3/guys Race/IPostMessageService.java" startline="82" endline="106" pcid="1137"></source>
</clone>

<clone nlines="28" similarity="86">
<source file="systems/BreakBottleNeckBadNews3/guys Race/ICustomTabsService.java" startline="419" endline="444" pcid="1185"></source>
<source file="systems/BreakBottleNeckBadNews3/guys Race/IPostMessageService.java" startline="152" endline="176" pcid="1142"></source>
</clone>

<clone nlines="28" similarity="86">
<source file="systems/BreakBottleNeckBadNews3/guys Race/ICustomTabsService.java" startline="170" endline="195" pcid="1174"></source>
<source file="systems/BreakBottleNeckBadNews3/guys Race/IPostMessageService.java" startline="82" endline="106" pcid="1137"></source>
</clone>

<clone nlines="28" similarity="86">
<source file="systems/BreakBottleNeckBadNews3/guys Race/ICustomTabsService.java" startline="170" endline="195" pcid="1174"></source>
<source file="systems/BreakBottleNeckBadNews3/guys Race/IPostMessageService.java" startline="152" endline="176" pcid="1142"></source>
</clone>

<clone nlines="27" similarity="100">
<source file="systems/BreakBottleNeckBadNews3/guys Race/IPostMessageService.java" startline="82" endline="106" pcid="1137"></source>
<source file="systems/BreakBottleNeckBadNews3/guys Race/IPostMessageService.java" startline="152" endline="176" pcid="1142"></source>
</clone>

<clone nlines="24" similarity="76">
<source file="systems/BreakBottleNeckBadNews3/guys Race/IPostMessageService.java" startline="82" endline="106" pcid="1137"></source>
<source file="systems/BreakBottleNeckBadNews3/guys Race/ICustomTabsCallback.java" startline="198" endline="217" pcid="1154"></source>
</clone>

<clone nlines="24" similarity="71">
<source file="systems/BreakBottleNeckBadNews3/guys Race/IPostMessageService.java" startline="82" endline="106" pcid="1137"></source>
<source file="systems/BreakBottleNeckBadNews3/guys Race/ICustomTabsCallback.java" startline="177" endline="196" pcid="1153"></source>
</clone>

<clone nlines="24" similarity="76">
<source file="systems/BreakBottleNeckBadNews3/guys Race/IPostMessageService.java" startline="82" endline="106" pcid="1137"></source>
<source file="systems/BreakBottleNeckBadNews3/guys Race/ICustomTabsCallback.java" startline="259" endline="278" pcid="1158"></source>
</clone>

<clone nlines="24" similarity="76">
<source file="systems/BreakBottleNeckBadNews3/guys Race/IPostMessageService.java" startline="82" endline="106" pcid="1137"></source>
<source file="systems/BreakBottleNeckBadNews3/guys Race/ICustomTabsCallback.java" startline="132" endline="151" pcid="1150"></source>
</clone>

<clone nlines="24" similarity="71">
<source file="systems/BreakBottleNeckBadNews3/guys Race/IPostMessageService.java" startline="82" endline="106" pcid="1137"></source>
<source file="systems/BreakBottleNeckBadNews3/guys Race/ICustomTabsCallback.java" startline="304" endline="323" pcid="1161"></source>
</clone>

<clone nlines="24" similarity="76">
<source file="systems/BreakBottleNeckBadNews3/guys Race/IPostMessageService.java" startline="82" endline="106" pcid="1137"></source>
<source file="systems/BreakBottleNeckBadNews3/guys Race/ICustomTabsCallback.java" startline="325" endline="344" pcid="1162"></source>
</clone>

<clone nlines="24" similarity="71">
<source file="systems/BreakBottleNeckBadNews3/guys Race/IPostMessageService.java" startline="82" endline="106" pcid="1137"></source>
<source file="systems/BreakBottleNeckBadNews3/guys Race/ICustomTabsCallback.java" startline="157" endline="175" pcid="1152"></source>
</clone>

<clone nlines="24" similarity="71">
<source file="systems/BreakBottleNeckBadNews3/guys Race/IPostMessageService.java" startline="82" endline="106" pcid="1137"></source>
<source file="systems/BreakBottleNeckBadNews3/guys Race/ICustomTabsCallback.java" startline="284" endline="302" pcid="1160"></source>
</clone>

<clone nlines="24" similarity="76">
<source file="systems/BreakBottleNeckBadNews3/guys Race/IPostMessageService.java" startline="152" endline="176" pcid="1142"></source>
<source file="systems/BreakBottleNeckBadNews3/guys Race/ICustomTabsCallback.java" startline="198" endline="217" pcid="1154"></source>
</clone>

<clone nlines="24" similarity="71">
<source file="systems/BreakBottleNeckBadNews3/guys Race/IPostMessageService.java" startline="152" endline="176" pcid="1142"></source>
<source file="systems/BreakBottleNeckBadNews3/guys Race/ICustomTabsCallback.java" startline="177" endline="196" pcid="1153"></source>
</clone>

<clone nlines="24" similarity="76">
<source file="systems/BreakBottleNeckBadNews3/guys Race/IPostMessageService.java" startline="152" endline="176" pcid="1142"></source>
<source file="systems/BreakBottleNeckBadNews3/guys Race/ICustomTabsCallback.java" startline="259" endline="278" pcid="1158"></source>
</clone>

<clone nlines="24" similarity="76">
<source file="systems/BreakBottleNeckBadNews3/guys Race/IPostMessageService.java" startline="152" endline="176" pcid="1142"></source>
<source file="systems/BreakBottleNeckBadNews3/guys Race/ICustomTabsCallback.java" startline="132" endline="151" pcid="1150"></source>
</clone>

<clone nlines="24" similarity="71">
<source file="systems/BreakBottleNeckBadNews3/guys Race/IPostMessageService.java" startline="152" endline="176" pcid="1142"></source>
<source file="systems/BreakBottleNeckBadNews3/guys Race/ICustomTabsCallback.java" startline="304" endline="323" pcid="1161"></source>
</clone>

<clone nlines="24" similarity="76">
<source file="systems/BreakBottleNeckBadNews3/guys Race/IPostMessageService.java" startline="152" endline="176" pcid="1142"></source>
<source file="systems/BreakBottleNeckBadNews3/guys Race/ICustomTabsCallback.java" startline="325" endline="344" pcid="1162"></source>
</clone>

<clone nlines="24" similarity="71">
<source file="systems/BreakBottleNeckBadNews3/guys Race/IPostMessageService.java" startline="152" endline="176" pcid="1142"></source>
<source file="systems/BreakBottleNeckBadNews3/guys Race/ICustomTabsCallback.java" startline="157" endline="175" pcid="1152"></source>
</clone>

<clone nlines="24" similarity="71">
<source file="systems/BreakBottleNeckBadNews3/guys Race/IPostMessageService.java" startline="152" endline="176" pcid="1142"></source>
<source file="systems/BreakBottleNeckBadNews3/guys Race/ICustomTabsCallback.java" startline="284" endline="302" pcid="1160"></source>
</clone>

<clone nlines="26" similarity="71">
<source file="systems/BreakBottleNeckBadNews3/Football/IInAppBillingService.java" startline="313" endline="336" pcid="21"></source>
<source file="systems/BreakBottleNeckBadNews3/guys Race/ICustomTabsService.java" startline="78" endline="102" pcid="1170"></source>
</clone>

<clone nlines="27" similarity="100">
<source file="systems/BreakBottleNeckBadNews3/guys Race/ICustomTabsService.java" startline="78" endline="102" pcid="1170"></source>
<source file="systems/BreakBottleNeckBadNews3/guys Race/ICustomTabsService.java" startline="327" endline="351" pcid="1181"></source>
</clone>

<clone nlines="26" similarity="71">
<source file="systems/BreakBottleNeckBadNews3/Football/IInAppBillingService.java" startline="192" endline="215" pcid="13"></source>
<source file="systems/BreakBottleNeckBadNews3/guys Race/ICustomTabsService.java" startline="78" endline="102" pcid="1170"></source>
</clone>

<clone nlines="24" similarity="71">
<source file="systems/BreakBottleNeckBadNews3/guys Race/ICustomTabsService.java" startline="78" endline="102" pcid="1170"></source>
<source file="systems/BreakBottleNeckBadNews3/guys Race/ICustomTabsCallback.java" startline="198" endline="217" pcid="1154"></source>
</clone>

<clone nlines="24" similarity="71">
<source file="systems/BreakBottleNeckBadNews3/guys Race/ICustomTabsService.java" startline="78" endline="102" pcid="1170"></source>
<source file="systems/BreakBottleNeckBadNews3/guys Race/ICustomTabsCallback.java" startline="177" endline="196" pcid="1153"></source>
</clone>

<clone nlines="24" similarity="71">
<source file="systems/BreakBottleNeckBadNews3/guys Race/ICustomTabsService.java" startline="78" endline="102" pcid="1170"></source>
<source file="systems/BreakBottleNeckBadNews3/guys Race/ICustomTabsCallback.java" startline="259" endline="278" pcid="1158"></source>
</clone>

<clone nlines="24" similarity="71">
<source file="systems/BreakBottleNeckBadNews3/guys Race/ICustomTabsService.java" startline="78" endline="102" pcid="1170"></source>
<source file="systems/BreakBottleNeckBadNews3/guys Race/ICustomTabsCallback.java" startline="132" endline="151" pcid="1150"></source>
</clone>

<clone nlines="24" similarity="71">
<source file="systems/BreakBottleNeckBadNews3/guys Race/ICustomTabsService.java" startline="78" endline="102" pcid="1170"></source>
<source file="systems/BreakBottleNeckBadNews3/guys Race/ICustomTabsCallback.java" startline="304" endline="323" pcid="1161"></source>
</clone>

<clone nlines="24" similarity="71">
<source file="systems/BreakBottleNeckBadNews3/guys Race/ICustomTabsService.java" startline="78" endline="102" pcid="1170"></source>
<source file="systems/BreakBottleNeckBadNews3/guys Race/ICustomTabsCallback.java" startline="325" endline="344" pcid="1162"></source>
</clone>

<clone nlines="26" similarity="71">
<source file="systems/BreakBottleNeckBadNews3/Football/IInAppBillingService.java" startline="313" endline="336" pcid="21"></source>
<source file="systems/BreakBottleNeckBadNews3/guys Race/ICustomTabsService.java" startline="327" endline="351" pcid="1181"></source>
</clone>

<clone nlines="25" similarity="100">
<source file="systems/BreakBottleNeckBadNews3/Football/IInAppBillingService.java" startline="192" endline="215" pcid="13"></source>
<source file="systems/BreakBottleNeckBadNews3/Football/IInAppBillingService.java" startline="313" endline="336" pcid="21"></source>
</clone>

<clone nlines="26" similarity="71">
<source file="systems/BreakBottleNeckBadNews3/Football/IInAppBillingService.java" startline="192" endline="215" pcid="13"></source>
<source file="systems/BreakBottleNeckBadNews3/guys Race/ICustomTabsService.java" startline="327" endline="351" pcid="1181"></source>
</clone>

<clone nlines="24" similarity="71">
<source file="systems/BreakBottleNeckBadNews3/guys Race/ICustomTabsService.java" startline="327" endline="351" pcid="1181"></source>
<source file="systems/BreakBottleNeckBadNews3/guys Race/ICustomTabsCallback.java" startline="198" endline="217" pcid="1154"></source>
</clone>

<clone nlines="24" similarity="71">
<source file="systems/BreakBottleNeckBadNews3/guys Race/ICustomTabsService.java" startline="327" endline="351" pcid="1181"></source>
<source file="systems/BreakBottleNeckBadNews3/guys Race/ICustomTabsCallback.java" startline="177" endline="196" pcid="1153"></source>
</clone>

<clone nlines="24" similarity="71">
<source file="systems/BreakBottleNeckBadNews3/guys Race/ICustomTabsService.java" startline="327" endline="351" pcid="1181"></source>
<source file="systems/BreakBottleNeckBadNews3/guys Race/ICustomTabsCallback.java" startline="259" endline="278" pcid="1158"></source>
</clone>

<clone nlines="24" similarity="71">
<source file="systems/BreakBottleNeckBadNews3/guys Race/ICustomTabsService.java" startline="327" endline="351" pcid="1181"></source>
<source file="systems/BreakBottleNeckBadNews3/guys Race/ICustomTabsCallback.java" startline="132" endline="151" pcid="1150"></source>
</clone>

<clone nlines="24" similarity="71">
<source file="systems/BreakBottleNeckBadNews3/guys Race/ICustomTabsService.java" startline="327" endline="351" pcid="1181"></source>
<source file="systems/BreakBottleNeckBadNews3/guys Race/ICustomTabsCallback.java" startline="304" endline="323" pcid="1161"></source>
</clone>

<clone nlines="24" similarity="71">
<source file="systems/BreakBottleNeckBadNews3/guys Race/ICustomTabsService.java" startline="327" endline="351" pcid="1181"></source>
<source file="systems/BreakBottleNeckBadNews3/guys Race/ICustomTabsCallback.java" startline="325" endline="344" pcid="1162"></source>
</clone>

<clone nlines="23" similarity="100">
<source file="systems/BreakBottleNeckBadNews3/org/andengine/opengl/texture/compressed/pvr/PVRTexture.java" startline="141" endline="164" pcid="86"></source>
<source file="systems/BreakBottleNeckBadNews3/sandwitch/PVRTexture.java" startline="141" endline="164" pcid="1047"></source>
</clone>

<clone nlines="24" similarity="100">
<source file="systems/BreakBottleNeckBadNews3/guys Race/ICustomTabsService.java" startline="145" endline="168" pcid="1173"></source>
<source file="systems/BreakBottleNeckBadNews3/guys Race/ICustomTabsService.java" startline="394" endline="417" pcid="1184"></source>
</clone>

<clone nlines="21" similarity="70">
<source file="systems/BreakBottleNeckBadNews3/guys Race/ICustomTabsService.java" startline="394" endline="417" pcid="1184"></source>
<source file="systems/BreakBottleNeckBadNews3/guys Race/ICustomTabsService.java" startline="543" endline="561" pcid="1189"></source>
</clone>

<clone nlines="21" similarity="70">
<source file="systems/BreakBottleNeckBadNews3/guys Race/ICustomTabsService.java" startline="294" endline="312" pcid="1178"></source>
<source file="systems/BreakBottleNeckBadNews3/guys Race/ICustomTabsService.java" startline="394" endline="417" pcid="1184"></source>
</clone>

<clone nlines="21" similarity="70">
<source file="systems/BreakBottleNeckBadNews3/guys Race/ICustomTabsService.java" startline="145" endline="168" pcid="1173"></source>
<source file="systems/BreakBottleNeckBadNews3/guys Race/ICustomTabsService.java" startline="543" endline="561" pcid="1189"></source>
</clone>

<clone nlines="21" similarity="70">
<source file="systems/BreakBottleNeckBadNews3/guys Race/ICustomTabsService.java" startline="145" endline="168" pcid="1173"></source>
<source file="systems/BreakBottleNeckBadNews3/guys Race/ICustomTabsService.java" startline="294" endline="312" pcid="1178"></source>
</clone>

<clone nlines="23" similarity="100">
<source file="systems/BreakBottleNeckBadNews3/org/andengine/opengl/util/GLHelper.java" startline="183" endline="204" pcid="670"></source>
<source file="systems/BreakBottleNeckBadNews3/sandwitch/GLHelper.java" startline="183" endline="204" pcid="1086"></source>
</clone>

<clone nlines="25" similarity="89">
<source file="systems/BreakBottleNeckBadNews3/org/andengine/opengl/util/GLHelper.java" startline="25" endline="49" pcid="660"></source>
<source file="systems/BreakBottleNeckBadNews3/sandwitch/GLHelper.java" startline="84" endline="108" pcid="1080"></source>
</clone>

<clone nlines="25" similarity="100">
<source file="systems/BreakBottleNeckBadNews3/org/andengine/opengl/util/GLHelper.java" startline="84" endline="108" pcid="664"></source>
<source file="systems/BreakBottleNeckBadNews3/sandwitch/GLHelper.java" startline="84" endline="108" pcid="1080"></source>
</clone>

<clone nlines="25" similarity="89">
<source file="systems/BreakBottleNeckBadNews3/sandwitch/GLHelper.java" startline="25" endline="49" pcid="1076"></source>
<source file="systems/BreakBottleNeckBadNews3/sandwitch/GLHelper.java" startline="84" endline="108" pcid="1080"></source>
</clone>

<clone nlines="25" similarity="78">
<source file="systems/BreakBottleNeckBadNews3/org/andengine/opengl/util/GLHelper.java" startline="114" endline="137" pcid="666"></source>
<source file="systems/BreakBottleNeckBadNews3/sandwitch/GLHelper.java" startline="84" endline="108" pcid="1080"></source>
</clone>

<clone nlines="25" similarity="78">
<source file="systems/BreakBottleNeckBadNews3/org/andengine/opengl/util/GLHelper.java" startline="55" endline="78" pcid="662"></source>
<source file="systems/BreakBottleNeckBadNews3/sandwitch/GLHelper.java" startline="84" endline="108" pcid="1080"></source>
</clone>

<clone nlines="25" similarity="78">
<source file="systems/BreakBottleNeckBadNews3/sandwitch/GLHelper.java" startline="84" endline="108" pcid="1080"></source>
<source file="systems/BreakBottleNeckBadNews3/sandwitch/GLHelper.java" startline="114" endline="137" pcid="1082"></source>
</clone>

<clone nlines="25" similarity="78">
<source file="systems/BreakBottleNeckBadNews3/sandwitch/GLHelper.java" startline="55" endline="78" pcid="1078"></source>
<source file="systems/BreakBottleNeckBadNews3/sandwitch/GLHelper.java" startline="84" endline="108" pcid="1080"></source>
</clone>

<clone nlines="25" similarity="89">
<source file="systems/BreakBottleNeckBadNews3/org/andengine/opengl/util/GLHelper.java" startline="25" endline="49" pcid="660"></source>
<source file="systems/BreakBottleNeckBadNews3/org/andengine/opengl/util/GLHelper.java" startline="84" endline="108" pcid="664"></source>
</clone>

<clone nlines="25" similarity="100">
<source file="systems/BreakBottleNeckBadNews3/org/andengine/opengl/util/GLHelper.java" startline="25" endline="49" pcid="660"></source>
<source file="systems/BreakBottleNeckBadNews3/sandwitch/GLHelper.java" startline="25" endline="49" pcid="1076"></source>
</clone>

<clone nlines="25" similarity="78">
<source file="systems/BreakBottleNeckBadNews3/org/andengine/opengl/util/GLHelper.java" startline="25" endline="49" pcid="660"></source>
<source file="systems/BreakBottleNeckBadNews3/org/andengine/opengl/util/GLHelper.java" startline="114" endline="137" pcid="666"></source>
</clone>

<clone nlines="25" similarity="78">
<source file="systems/BreakBottleNeckBadNews3/org/andengine/opengl/util/GLHelper.java" startline="25" endline="49" pcid="660"></source>
<source file="systems/BreakBottleNeckBadNews3/org/andengine/opengl/util/GLHelper.java" startline="55" endline="78" pcid="662"></source>
</clone>

<clone nlines="25" similarity="78">
<source file="systems/BreakBottleNeckBadNews3/org/andengine/opengl/util/GLHelper.java" startline="25" endline="49" pcid="660"></source>
<source file="systems/BreakBottleNeckBadNews3/sandwitch/GLHelper.java" startline="114" endline="137" pcid="1082"></source>
</clone>

<clone nlines="25" similarity="78">
<source file="systems/BreakBottleNeckBadNews3/org/andengine/opengl/util/GLHelper.java" startline="25" endline="49" pcid="660"></source>
<source file="systems/BreakBottleNeckBadNews3/sandwitch/GLHelper.java" startline="55" endline="78" pcid="1078"></source>
</clone>

<clone nlines="25" similarity="89">
<source file="systems/BreakBottleNeckBadNews3/org/andengine/opengl/util/GLHelper.java" startline="84" endline="108" pcid="664"></source>
<source file="systems/BreakBottleNeckBadNews3/sandwitch/GLHelper.java" startline="25" endline="49" pcid="1076"></source>
</clone>

<clone nlines="25" similarity="78">
<source file="systems/BreakBottleNeckBadNews3/org/andengine/opengl/util/GLHelper.java" startline="84" endline="108" pcid="664"></source>
<source file="systems/BreakBottleNeckBadNews3/org/andengine/opengl/util/GLHelper.java" startline="114" endline="137" pcid="666"></source>
</clone>

<clone nlines="25" similarity="78">
<source file="systems/BreakBottleNeckBadNews3/org/andengine/opengl/util/GLHelper.java" startline="55" endline="78" pcid="662"></source>
<source file="systems/BreakBottleNeckBadNews3/org/andengine/opengl/util/GLHelper.java" startline="84" endline="108" pcid="664"></source>
</clone>

<clone nlines="25" similarity="78">
<source file="systems/BreakBottleNeckBadNews3/org/andengine/opengl/util/GLHelper.java" startline="84" endline="108" pcid="664"></source>
<source file="systems/BreakBottleNeckBadNews3/sandwitch/GLHelper.java" startline="114" endline="137" pcid="1082"></source>
</clone>

<clone nlines="25" similarity="78">
<source file="systems/BreakBottleNeckBadNews3/org/andengine/opengl/util/GLHelper.java" startline="84" endline="108" pcid="664"></source>
<source file="systems/BreakBottleNeckBadNews3/sandwitch/GLHelper.java" startline="55" endline="78" pcid="1078"></source>
</clone>

<clone nlines="25" similarity="78">
<source file="systems/BreakBottleNeckBadNews3/org/andengine/opengl/util/GLHelper.java" startline="114" endline="137" pcid="666"></source>
<source file="systems/BreakBottleNeckBadNews3/sandwitch/GLHelper.java" startline="25" endline="49" pcid="1076"></source>
</clone>

<clone nlines="25" similarity="78">
<source file="systems/BreakBottleNeckBadNews3/org/andengine/opengl/util/GLHelper.java" startline="55" endline="78" pcid="662"></source>
<source file="systems/BreakBottleNeckBadNews3/sandwitch/GLHelper.java" startline="25" endline="49" pcid="1076"></source>
</clone>

<clone nlines="25" similarity="78">
<source file="systems/BreakBottleNeckBadNews3/sandwitch/GLHelper.java" startline="25" endline="49" pcid="1076"></source>
<source file="systems/BreakBottleNeckBadNews3/sandwitch/GLHelper.java" startline="114" endline="137" pcid="1082"></source>
</clone>

<clone nlines="25" similarity="78">
<source file="systems/BreakBottleNeckBadNews3/sandwitch/GLHelper.java" startline="25" endline="49" pcid="1076"></source>
<source file="systems/BreakBottleNeckBadNews3/sandwitch/GLHelper.java" startline="55" endline="78" pcid="1078"></source>
</clone>

<clone nlines="20" similarity="100">
<source file="systems/BreakBottleNeckBadNews3/Football/IInAppBillingService.java" startline="145" endline="165" pcid="10"></source>
<source file="systems/BreakBottleNeckBadNews3/Football/IInAppBillingService.java" startline="266" endline="286" pcid="18"></source>
</clone>

<clone nlines="20" similarity="88">
<source file="systems/BreakBottleNeckBadNews3/Football/IInAppBillingService.java" startline="171" endline="190" pcid="12"></source>
<source file="systems/BreakBottleNeckBadNews3/Football/IInAppBillingService.java" startline="266" endline="286" pcid="18"></source>
</clone>

<clone nlines="20" similarity="88">
<source file="systems/BreakBottleNeckBadNews3/Football/IInAppBillingService.java" startline="266" endline="286" pcid="18"></source>
<source file="systems/BreakBottleNeckBadNews3/Football/IInAppBillingService.java" startline="292" endline="311" pcid="20"></source>
</clone>

<clone nlines="24" similarity="94">
<source file="systems/BreakBottleNeckBadNews3/org/andengine/opengl/util/GLHelper.java" startline="55" endline="78" pcid="662"></source>
<source file="systems/BreakBottleNeckBadNews3/org/andengine/opengl/util/GLHelper.java" startline="114" endline="137" pcid="666"></source>
</clone>

<clone nlines="24" similarity="100">
<source file="systems/BreakBottleNeckBadNews3/org/andengine/opengl/util/GLHelper.java" startline="114" endline="137" pcid="666"></source>
<source file="systems/BreakBottleNeckBadNews3/sandwitch/GLHelper.java" startline="114" endline="137" pcid="1082"></source>
</clone>

<clone nlines="24" similarity="94">
<source file="systems/BreakBottleNeckBadNews3/org/andengine/opengl/util/GLHelper.java" startline="114" endline="137" pcid="666"></source>
<source file="systems/BreakBottleNeckBadNews3/sandwitch/GLHelper.java" startline="55" endline="78" pcid="1078"></source>
</clone>

<clone nlines="20" similarity="88">
<source file="systems/BreakBottleNeckBadNews3/Football/IInAppBillingService.java" startline="145" endline="165" pcid="10"></source>
<source file="systems/BreakBottleNeckBadNews3/Football/IInAppBillingService.java" startline="171" endline="190" pcid="12"></source>
</clone>

<clone nlines="20" similarity="88">
<source file="systems/BreakBottleNeckBadNews3/Football/IInAppBillingService.java" startline="145" endline="165" pcid="10"></source>
<source file="systems/BreakBottleNeckBadNews3/Football/IInAppBillingService.java" startline="292" endline="311" pcid="20"></source>
</clone>

<clone nlines="24" similarity="94">
<source file="systems/BreakBottleNeckBadNews3/org/andengine/opengl/util/GLHelper.java" startline="55" endline="78" pcid="662"></source>
<source file="systems/BreakBottleNeckBadNews3/sandwitch/GLHelper.java" startline="114" endline="137" pcid="1082"></source>
</clone>

<clone nlines="24" similarity="100">
<source file="systems/BreakBottleNeckBadNews3/org/andengine/opengl/util/GLHelper.java" startline="55" endline="78" pcid="662"></source>
<source file="systems/BreakBottleNeckBadNews3/sandwitch/GLHelper.java" startline="55" endline="78" pcid="1078"></source>
</clone>

<clone nlines="24" similarity="94">
<source file="systems/BreakBottleNeckBadNews3/sandwitch/GLHelper.java" startline="55" endline="78" pcid="1078"></source>
<source file="systems/BreakBottleNeckBadNews3/sandwitch/GLHelper.java" startline="114" endline="137" pcid="1082"></source>
</clone>

<clone nlines="21" similarity="94">
<source file="systems/BreakBottleNeckBadNews3/guys Race/ICustomTabsCallback.java" startline="177" endline="196" pcid="1153"></source>
<source file="systems/BreakBottleNeckBadNews3/guys Race/ICustomTabsCallback.java" startline="198" endline="217" pcid="1154"></source>
</clone>

<clone nlines="21" similarity="100">
<source file="systems/BreakBottleNeckBadNews3/guys Race/ICustomTabsCallback.java" startline="198" endline="217" pcid="1154"></source>
<source file="systems/BreakBottleNeckBadNews3/guys Race/ICustomTabsCallback.java" startline="259" endline="278" pcid="1158"></source>
</clone>

<clone nlines="21" similarity="100">
<source file="systems/BreakBottleNeckBadNews3/guys Race/ICustomTabsCallback.java" startline="132" endline="151" pcid="1150"></source>
<source file="systems/BreakBottleNeckBadNews3/guys Race/ICustomTabsCallback.java" startline="198" endline="217" pcid="1154"></source>
</clone>

<clone nlines="21" similarity="94">
<source file="systems/BreakBottleNeckBadNews3/guys Race/ICustomTabsCallback.java" startline="198" endline="217" pcid="1154"></source>
<source file="systems/BreakBottleNeckBadNews3/guys Race/ICustomTabsCallback.java" startline="304" endline="323" pcid="1161"></source>
</clone>

<clone nlines="21" similarity="100">
<source file="systems/BreakBottleNeckBadNews3/guys Race/ICustomTabsCallback.java" startline="198" endline="217" pcid="1154"></source>
<source file="systems/BreakBottleNeckBadNews3/guys Race/ICustomTabsCallback.java" startline="325" endline="344" pcid="1162"></source>
</clone>

<clone nlines="21" similarity="88">
<source file="systems/BreakBottleNeckBadNews3/guys Race/ICustomTabsCallback.java" startline="157" endline="175" pcid="1152"></source>
<source file="systems/BreakBottleNeckBadNews3/guys Race/ICustomTabsCallback.java" startline="198" endline="217" pcid="1154"></source>
</clone>

<clone nlines="21" similarity="88">
<source file="systems/BreakBottleNeckBadNews3/guys Race/ICustomTabsCallback.java" startline="198" endline="217" pcid="1154"></source>
<source file="systems/BreakBottleNeckBadNews3/guys Race/ICustomTabsCallback.java" startline="284" endline="302" pcid="1160"></source>
</clone>

<clone nlines="21" similarity="94">
<source file="systems/BreakBottleNeckBadNews3/guys Race/ICustomTabsCallback.java" startline="177" endline="196" pcid="1153"></source>
<source file="systems/BreakBottleNeckBadNews3/guys Race/ICustomTabsCallback.java" startline="259" endline="278" pcid="1158"></source>
</clone>

<clone nlines="21" similarity="94">
<source file="systems/BreakBottleNeckBadNews3/guys Race/ICustomTabsCallback.java" startline="132" endline="151" pcid="1150"></source>
<source file="systems/BreakBottleNeckBadNews3/guys Race/ICustomTabsCallback.java" startline="177" endline="196" pcid="1153"></source>
</clone>

<clone nlines="21" similarity="100">
<source file="systems/BreakBottleNeckBadNews3/guys Race/ICustomTabsCallback.java" startline="177" endline="196" pcid="1153"></source>
<source file="systems/BreakBottleNeckBadNews3/guys Race/ICustomTabsCallback.java" startline="304" endline="323" pcid="1161"></source>
</clone>

<clone nlines="21" similarity="94">
<source file="systems/BreakBottleNeckBadNews3/guys Race/ICustomTabsCallback.java" startline="177" endline="196" pcid="1153"></source>
<source file="systems/BreakBottleNeckBadNews3/guys Race/ICustomTabsCallback.java" startline="325" endline="344" pcid="1162"></source>
</clone>

<clone nlines="21" similarity="88">
<source file="systems/BreakBottleNeckBadNews3/guys Race/ICustomTabsCallback.java" startline="157" endline="175" pcid="1152"></source>
<source file="systems/BreakBottleNeckBadNews3/guys Race/ICustomTabsCallback.java" startline="177" endline="196" pcid="1153"></source>
</clone>

<clone nlines="21" similarity="88">
<source file="systems/BreakBottleNeckBadNews3/guys Race/ICustomTabsCallback.java" startline="177" endline="196" pcid="1153"></source>
<source file="systems/BreakBottleNeckBadNews3/guys Race/ICustomTabsCallback.java" startline="284" endline="302" pcid="1160"></source>
</clone>

<clone nlines="21" similarity="100">
<source file="systems/BreakBottleNeckBadNews3/guys Race/ICustomTabsCallback.java" startline="132" endline="151" pcid="1150"></source>
<source file="systems/BreakBottleNeckBadNews3/guys Race/ICustomTabsCallback.java" startline="259" endline="278" pcid="1158"></source>
</clone>

<clone nlines="21" similarity="94">
<source file="systems/BreakBottleNeckBadNews3/guys Race/ICustomTabsCallback.java" startline="259" endline="278" pcid="1158"></source>
<source file="systems/BreakBottleNeckBadNews3/guys Race/ICustomTabsCallback.java" startline="304" endline="323" pcid="1161"></source>
</clone>

<clone nlines="21" similarity="100">
<source file="systems/BreakBottleNeckBadNews3/guys Race/ICustomTabsCallback.java" startline="259" endline="278" pcid="1158"></source>
<source file="systems/BreakBottleNeckBadNews3/guys Race/ICustomTabsCallback.java" startline="325" endline="344" pcid="1162"></source>
</clone>

<clone nlines="21" similarity="88">
<source file="systems/BreakBottleNeckBadNews3/guys Race/ICustomTabsCallback.java" startline="157" endline="175" pcid="1152"></source>
<source file="systems/BreakBottleNeckBadNews3/guys Race/ICustomTabsCallback.java" startline="259" endline="278" pcid="1158"></source>
</clone>

<clone nlines="21" similarity="88">
<source file="systems/BreakBottleNeckBadNews3/guys Race/ICustomTabsCallback.java" startline="259" endline="278" pcid="1158"></source>
<source file="systems/BreakBottleNeckBadNews3/guys Race/ICustomTabsCallback.java" startline="284" endline="302" pcid="1160"></source>
</clone>

<clone nlines="21" similarity="94">
<source file="systems/BreakBottleNeckBadNews3/guys Race/ICustomTabsCallback.java" startline="132" endline="151" pcid="1150"></source>
<source file="systems/BreakBottleNeckBadNews3/guys Race/ICustomTabsCallback.java" startline="304" endline="323" pcid="1161"></source>
</clone>

<clone nlines="21" similarity="100">
<source file="systems/BreakBottleNeckBadNews3/guys Race/ICustomTabsCallback.java" startline="132" endline="151" pcid="1150"></source>
<source file="systems/BreakBottleNeckBadNews3/guys Race/ICustomTabsCallback.java" startline="325" endline="344" pcid="1162"></source>
</clone>

<clone nlines="21" similarity="88">
<source file="systems/BreakBottleNeckBadNews3/guys Race/ICustomTabsCallback.java" startline="132" endline="151" pcid="1150"></source>
<source file="systems/BreakBottleNeckBadNews3/guys Race/ICustomTabsCallback.java" startline="157" endline="175" pcid="1152"></source>
</clone>

<clone nlines="21" similarity="88">
<source file="systems/BreakBottleNeckBadNews3/guys Race/ICustomTabsCallback.java" startline="132" endline="151" pcid="1150"></source>
<source file="systems/BreakBottleNeckBadNews3/guys Race/ICustomTabsCallback.java" startline="284" endline="302" pcid="1160"></source>
</clone>

<clone nlines="21" similarity="94">
<source file="systems/BreakBottleNeckBadNews3/guys Race/ICustomTabsCallback.java" startline="304" endline="323" pcid="1161"></source>
<source file="systems/BreakBottleNeckBadNews3/guys Race/ICustomTabsCallback.java" startline="325" endline="344" pcid="1162"></source>
</clone>

<clone nlines="21" similarity="88">
<source file="systems/BreakBottleNeckBadNews3/guys Race/ICustomTabsCallback.java" startline="157" endline="175" pcid="1152"></source>
<source file="systems/BreakBottleNeckBadNews3/guys Race/ICustomTabsCallback.java" startline="304" endline="323" pcid="1161"></source>
</clone>

<clone nlines="21" similarity="88">
<source file="systems/BreakBottleNeckBadNews3/guys Race/ICustomTabsCallback.java" startline="284" endline="302" pcid="1160"></source>
<source file="systems/BreakBottleNeckBadNews3/guys Race/ICustomTabsCallback.java" startline="304" endline="323" pcid="1161"></source>
</clone>

<clone nlines="19" similarity="100">
<source file="systems/BreakBottleNeckBadNews3/Football/IInAppBillingService.java" startline="171" endline="190" pcid="12"></source>
<source file="systems/BreakBottleNeckBadNews3/Football/IInAppBillingService.java" startline="292" endline="311" pcid="20"></source>
</clone>

<clone nlines="18" similarity="70">
<source file="systems/BreakBottleNeckBadNews3/Football/IInAppBillingService.java" startline="127" endline="143" pcid="9"></source>
<source file="systems/BreakBottleNeckBadNews3/Football/IInAppBillingService.java" startline="171" endline="190" pcid="12"></source>
</clone>

<clone nlines="18" similarity="70">
<source file="systems/BreakBottleNeckBadNews3/Football/IInAppBillingService.java" startline="171" endline="190" pcid="12"></source>
<source file="systems/BreakBottleNeckBadNews3/Football/IInAppBillingService.java" startline="217" endline="233" pcid="14"></source>
</clone>

<clone nlines="18" similarity="70">
<source file="systems/BreakBottleNeckBadNews3/Football/IInAppBillingService.java" startline="171" endline="190" pcid="12"></source>
<source file="systems/BreakBottleNeckBadNews3/Football/IInAppBillingService.java" startline="248" endline="264" pcid="17"></source>
</clone>

<clone nlines="18" similarity="70">
<source file="systems/BreakBottleNeckBadNews3/Football/IInAppBillingService.java" startline="171" endline="190" pcid="12"></source>
<source file="systems/BreakBottleNeckBadNews3/Football/IInAppBillingService.java" startline="338" endline="354" pcid="22"></source>
</clone>

<clone nlines="21" similarity="88">
<source file="systems/BreakBottleNeckBadNews3/guys Race/ICustomTabsCallback.java" startline="157" endline="175" pcid="1152"></source>
<source file="systems/BreakBottleNeckBadNews3/guys Race/ICustomTabsCallback.java" startline="325" endline="344" pcid="1162"></source>
</clone>

<clone nlines="21" similarity="88">
<source file="systems/BreakBottleNeckBadNews3/guys Race/ICustomTabsCallback.java" startline="284" endline="302" pcid="1160"></source>
<source file="systems/BreakBottleNeckBadNews3/guys Race/ICustomTabsCallback.java" startline="325" endline="344" pcid="1162"></source>
</clone>

<clone nlines="18" similarity="70">
<source file="systems/BreakBottleNeckBadNews3/Football/IInAppBillingService.java" startline="127" endline="143" pcid="9"></source>
<source file="systems/BreakBottleNeckBadNews3/Football/IInAppBillingService.java" startline="292" endline="311" pcid="20"></source>
</clone>

<clone nlines="18" similarity="70">
<source file="systems/BreakBottleNeckBadNews3/Football/IInAppBillingService.java" startline="217" endline="233" pcid="14"></source>
<source file="systems/BreakBottleNeckBadNews3/Football/IInAppBillingService.java" startline="292" endline="311" pcid="20"></source>
</clone>

<clone nlines="18" similarity="70">
<source file="systems/BreakBottleNeckBadNews3/Football/IInAppBillingService.java" startline="248" endline="264" pcid="17"></source>
<source file="systems/BreakBottleNeckBadNews3/Football/IInAppBillingService.java" startline="292" endline="311" pcid="20"></source>
</clone>

<clone nlines="18" similarity="70">
<source file="systems/BreakBottleNeckBadNews3/Football/IInAppBillingService.java" startline="292" endline="311" pcid="20"></source>
<source file="systems/BreakBottleNeckBadNews3/Football/IInAppBillingService.java" startline="338" endline="354" pcid="22"></source>
</clone>

<clone nlines="18" similarity="100">
<source file="systems/BreakBottleNeckBadNews3/guys Race/ICustomTabsService.java" startline="294" endline="312" pcid="1178"></source>
<source file="systems/BreakBottleNeckBadNews3/guys Race/ICustomTabsService.java" startline="543" endline="561" pcid="1189"></source>
</clone>

<clone nlines="20" similarity="100">
<source file="systems/BreakBottleNeckBadNews3/guys Race/ICustomTabsCallback.java" startline="157" endline="175" pcid="1152"></source>
<source file="systems/BreakBottleNeckBadNews3/guys Race/ICustomTabsCallback.java" startline="284" endline="302" pcid="1160"></source>
</clone>

<clone nlines="17" similarity="100">
<source file="systems/BreakBottleNeckBadNews3/Football/IInAppBillingService.java" startline="127" endline="143" pcid="9"></source>
<source file="systems/BreakBottleNeckBadNews3/Football/IInAppBillingService.java" startline="217" endline="233" pcid="14"></source>
</clone>

<clone nlines="17" similarity="100">
<source file="systems/BreakBottleNeckBadNews3/Football/IInAppBillingService.java" startline="127" endline="143" pcid="9"></source>
<source file="systems/BreakBottleNeckBadNews3/Football/IInAppBillingService.java" startline="248" endline="264" pcid="17"></source>
</clone>

<clone nlines="17" similarity="100">
<source file="systems/BreakBottleNeckBadNews3/Football/IInAppBillingService.java" startline="127" endline="143" pcid="9"></source>
<source file="systems/BreakBottleNeckBadNews3/Football/IInAppBillingService.java" startline="338" endline="354" pcid="22"></source>
</clone>

<clone nlines="17" similarity="100">
<source file="systems/BreakBottleNeckBadNews3/Football/IInAppBillingService.java" startline="217" endline="233" pcid="14"></source>
<source file="systems/BreakBottleNeckBadNews3/Football/IInAppBillingService.java" startline="248" endline="264" pcid="17"></source>
</clone>

<clone nlines="17" similarity="100">
<source file="systems/BreakBottleNeckBadNews3/Football/IInAppBillingService.java" startline="217" endline="233" pcid="14"></source>
<source file="systems/BreakBottleNeckBadNews3/Football/IInAppBillingService.java" startline="338" endline="354" pcid="22"></source>
</clone>

<clone nlines="17" similarity="100">
<source file="systems/BreakBottleNeckBadNews3/Football/IInAppBillingService.java" startline="248" endline="264" pcid="17"></source>
<source file="systems/BreakBottleNeckBadNews3/Football/IInAppBillingService.java" startline="338" endline="354" pcid="22"></source>
</clone>

<clone nlines="17" similarity="100">
<source file="systems/BreakBottleNeckBadNews3/org/andengine/opengl/shader/ShaderProgram.java" startline="172" endline="188" pcid="900"></source>
<source file="systems/BreakBottleNeckBadNews3/sandwitch/ShaderProgram.java" startline="172" endline="188" pcid="1104"></source>
</clone>

<clone nlines="18" similarity="100">
<source file="systems/BreakBottleNeckBadNews3/org/andengine/opengl/shader/source/CriteriaShaderSource.java" startline="42" endline="60" pcid="854"></source>
<source file="systems/BreakBottleNeckBadNews3/sandwitch/CriteriaShaderSource.java" startline="42" endline="60" pcid="1097"></source>
</clone>

<clone nlines="17" similarity="85">
<source file="systems/BreakBottleNeckBadNews3/org/andengine/opengl/util/criteria/LogicalAndGLCriteria.java" startline="12" endline="27" pcid="698"></source>
<source file="systems/BreakBottleNeckBadNews3/sandwitch/CriteriaShaderSource.java" startline="42" endline="60" pcid="1097"></source>
</clone>

<clone nlines="17" similarity="85">
<source file="systems/BreakBottleNeckBadNews3/sandwitch/LogicalAndGLCriteria.java" startline="12" endline="27" pcid="1089"></source>
<source file="systems/BreakBottleNeckBadNews3/sandwitch/CriteriaShaderSource.java" startline="42" endline="60" pcid="1097"></source>
</clone>

<clone nlines="17" similarity="85">
<source file="systems/BreakBottleNeckBadNews3/org/andengine/opengl/util/criteria/LogicalAndGLCriteria.java" startline="12" endline="27" pcid="698"></source>
<source file="systems/BreakBottleNeckBadNews3/org/andengine/opengl/shader/source/CriteriaShaderSource.java" startline="42" endline="60" pcid="854"></source>
</clone>

<clone nlines="17" similarity="85">
<source file="systems/BreakBottleNeckBadNews3/sandwitch/LogicalAndGLCriteria.java" startline="12" endline="27" pcid="1089"></source>
<source file="systems/BreakBottleNeckBadNews3/org/andengine/opengl/shader/source/CriteriaShaderSource.java" startline="42" endline="60" pcid="854"></source>
</clone>

<clone nlines="15" similarity="100">
<source file="systems/BreakBottleNeckBadNews3/org/andengine/opengl/texture/bitmap/BitmapTextureFormat.java" startline="27" endline="41" pcid="502"></source>
<source file="systems/BreakBottleNeckBadNews3/sandwitch/BitmapTextureFormat.java" startline="27" endline="41" pcid="1071"></source>
</clone>

<clone nlines="14" similarity="76">
<source file="systems/BreakBottleNeckBadNews3/sandwitch/BitmapTextureFormat.java" startline="27" endline="41" pcid="1071"></source>
<source file="systems/BreakBottleNeckBadNews3/org/andengine/opengl/texture/compressed/pvr/PVRTexture.java" startline="205" endline="217" pcid="89"></source>
</clone>

<clone nlines="14" similarity="76">
<source file="systems/BreakBottleNeckBadNews3/sandwitch/BitmapTextureFormat.java" startline="27" endline="41" pcid="1071"></source>
<source file="systems/BreakBottleNeckBadNews3/sandwitch/PVRTexture.java" startline="205" endline="217" pcid="1050"></source>
</clone>

<clone nlines="14" similarity="76">
<source file="systems/BreakBottleNeckBadNews3/org/andengine/opengl/texture/bitmap/BitmapTextureFormat.java" startline="27" endline="41" pcid="502"></source>
<source file="systems/BreakBottleNeckBadNews3/org/andengine/opengl/texture/compressed/pvr/PVRTexture.java" startline="205" endline="217" pcid="89"></source>
</clone>

<clone nlines="14" similarity="76">
<source file="systems/BreakBottleNeckBadNews3/org/andengine/opengl/texture/bitmap/BitmapTextureFormat.java" startline="27" endline="41" pcid="502"></source>
<source file="systems/BreakBottleNeckBadNews3/sandwitch/PVRTexture.java" startline="205" endline="217" pcid="1050"></source>
</clone>

<clone nlines="15" similarity="100">
<source file="systems/BreakBottleNeckBadNews3/org/andengine/opengl/util/criteria/LogicalAndGLCriteria.java" startline="12" endline="27" pcid="698"></source>
<source file="systems/BreakBottleNeckBadNews3/sandwitch/LogicalAndGLCriteria.java" startline="12" endline="27" pcid="1089"></source>
</clone>

<clone nlines="15" similarity="75">
<source file="systems/BreakBottleNeckBadNews3/org/andengine/opengl/util/criteria/LogicalAndGLCriteria.java" startline="12" endline="27" pcid="698"></source>
<source file="systems/BreakBottleNeckBadNews3/org/andengine/opengl/util/criteria/LogicalOrGLCriteria.java" startline="12" endline="26" pcid="688"></source>
</clone>

<clone nlines="15" similarity="75">
<source file="systems/BreakBottleNeckBadNews3/org/andengine/opengl/util/criteria/LogicalAndGLCriteria.java" startline="12" endline="27" pcid="698"></source>
<source file="systems/BreakBottleNeckBadNews3/sandwitch/LogicalOrGLCriteria.java" startline="12" endline="26" pcid="1032"></source>
</clone>

<clone nlines="15" similarity="75">
<source file="systems/BreakBottleNeckBadNews3/sandwitch/LogicalAndGLCriteria.java" startline="12" endline="27" pcid="1089"></source>
<source file="systems/BreakBottleNeckBadNews3/org/andengine/opengl/util/criteria/LogicalOrGLCriteria.java" startline="12" endline="26" pcid="688"></source>
</clone>

<clone nlines="15" similarity="75">
<source file="systems/BreakBottleNeckBadNews3/sandwitch/LogicalOrGLCriteria.java" startline="12" endline="26" pcid="1032"></source>
<source file="systems/BreakBottleNeckBadNews3/sandwitch/LogicalAndGLCriteria.java" startline="12" endline="27" pcid="1089"></source>
</clone>

<clone nlines="14" similarity="100">
<source file="systems/BreakBottleNeckBadNews3/sandwitch/LogicalOrGLCriteria.java" startline="12" endline="26" pcid="1032"></source>
<source file="systems/BreakBottleNeckBadNews3/org/andengine/opengl/util/criteria/LogicalOrGLCriteria.java" startline="12" endline="26" pcid="688"></source>
</clone>

<clone nlines="13" similarity="100">
<source file="systems/BreakBottleNeckBadNews3/org/andengine/opengl/texture/compressed/pvr/PVRTexture.java" startline="205" endline="217" pcid="89"></source>
<source file="systems/BreakBottleNeckBadNews3/sandwitch/PVRTexture.java" startline="205" endline="217" pcid="1050"></source>
</clone>

<clone nlines="11" similarity="100">
<source file="systems/BreakBottleNeckBadNews3/org/andengine/opengl/texture/compressed/pvr/PVRTexture.java" startline="115" endline="125" pcid="82"></source>
<source file="systems/BreakBottleNeckBadNews3/sandwitch/PVRTexture.java" startline="115" endline="125" pcid="1043"></source>
</clone>

<clone nlines="10" similarity="88">
<source file="systems/BreakBottleNeckBadNews3/sandwitch/ArcBitmapTextureAtlasSourceDecoratorShape.java" startline="42" endline="51" pcid="1129"></source>
<source file="systems/BreakBottleNeckBadNews3/sandwitch/EllipseBitmapTextureAtlasSourceDecoratorShape.java" startline="19" endline="28" pcid="1091"></source>
</clone>

<clone nlines="10" similarity="88">
<source file="systems/BreakBottleNeckBadNews3/sandwitch/RoundedRectangleBitmapTextureAtlasSourceDecoratorShape.java" startline="34" endline="43" pcid="1030"></source>
<source file="systems/BreakBottleNeckBadNews3/sandwitch/ArcBitmapTextureAtlasSourceDecoratorShape.java" startline="42" endline="51" pcid="1129"></source>
</clone>

<clone nlines="10" similarity="100">
<source file="systems/BreakBottleNeckBadNews3/org/andengine/opengl/texture/atlas/bitmap/source/decorator/shape/ArcBitmapTextureAtlasSourceDecoratorShape.java" startline="42" endline="51" pcid="283"></source>
<source file="systems/BreakBottleNeckBadNews3/sandwitch/ArcBitmapTextureAtlasSourceDecoratorShape.java" startline="42" endline="51" pcid="1129"></source>
</clone>

<clone nlines="10" similarity="88">
<source file="systems/BreakBottleNeckBadNews3/sandwitch/ArcBitmapTextureAtlasSourceDecoratorShape.java" startline="42" endline="51" pcid="1129"></source>
<source file="systems/BreakBottleNeckBadNews3/org/andengine/opengl/texture/atlas/bitmap/source/decorator/shape/EllipseBitmapTextureAtlasSourceDecoratorShape.java" startline="19" endline="28" pcid="279"></source>
</clone>

<clone nlines="10" similarity="88">
<source file="systems/BreakBottleNeckBadNews3/sandwitch/ArcBitmapTextureAtlasSourceDecoratorShape.java" startline="42" endline="51" pcid="1129"></source>
<source file="systems/BreakBottleNeckBadNews3/org/andengine/opengl/texture/atlas/bitmap/source/decorator/shape/RoundedRectangleBitmapTextureAtlasSourceDecoratorShape.java" startline="34" endline="43" pcid="273"></source>
</clone>

<clone nlines="10" similarity="88">
<source file="systems/BreakBottleNeckBadNews3/sandwitch/RoundedRectangleBitmapTextureAtlasSourceDecoratorShape.java" startline="34" endline="43" pcid="1030"></source>
<source file="systems/BreakBottleNeckBadNews3/sandwitch/EllipseBitmapTextureAtlasSourceDecoratorShape.java" startline="19" endline="28" pcid="1091"></source>
</clone>

<clone nlines="10" similarity="88">
<source file="systems/BreakBottleNeckBadNews3/org/andengine/opengl/texture/atlas/bitmap/source/decorator/shape/ArcBitmapTextureAtlasSourceDecoratorShape.java" startline="42" endline="51" pcid="283"></source>
<source file="systems/BreakBottleNeckBadNews3/sandwitch/EllipseBitmapTextureAtlasSourceDecoratorShape.java" startline="19" endline="28" pcid="1091"></source>
</clone>

<clone nlines="10" similarity="100">
<source file="systems/BreakBottleNeckBadNews3/org/andengine/opengl/texture/atlas/bitmap/source/decorator/shape/EllipseBitmapTextureAtlasSourceDecoratorShape.java" startline="19" endline="28" pcid="279"></source>
<source file="systems/BreakBottleNeckBadNews3/sandwitch/EllipseBitmapTextureAtlasSourceDecoratorShape.java" startline="19" endline="28" pcid="1091"></source>
</clone>

<clone nlines="10" similarity="88">
<source file="systems/BreakBottleNeckBadNews3/sandwitch/EllipseBitmapTextureAtlasSourceDecoratorShape.java" startline="19" endline="28" pcid="1091"></source>
<source file="systems/BreakBottleNeckBadNews3/org/andengine/opengl/texture/atlas/bitmap/source/decorator/shape/RoundedRectangleBitmapTextureAtlasSourceDecoratorShape.java" startline="34" endline="43" pcid="273"></source>
</clone>

<clone nlines="10" similarity="88">
<source file="systems/BreakBottleNeckBadNews3/org/andengine/opengl/texture/atlas/bitmap/source/decorator/shape/ArcBitmapTextureAtlasSourceDecoratorShape.java" startline="42" endline="51" pcid="283"></source>
<source file="systems/BreakBottleNeckBadNews3/sandwitch/RoundedRectangleBitmapTextureAtlasSourceDecoratorShape.java" startline="34" endline="43" pcid="1030"></source>
</clone>

<clone nlines="10" similarity="88">
<source file="systems/BreakBottleNeckBadNews3/sandwitch/RoundedRectangleBitmapTextureAtlasSourceDecoratorShape.java" startline="34" endline="43" pcid="1030"></source>
<source file="systems/BreakBottleNeckBadNews3/org/andengine/opengl/texture/atlas/bitmap/source/decorator/shape/EllipseBitmapTextureAtlasSourceDecoratorShape.java" startline="19" endline="28" pcid="279"></source>
</clone>

<clone nlines="10" similarity="100">
<source file="systems/BreakBottleNeckBadNews3/sandwitch/RoundedRectangleBitmapTextureAtlasSourceDecoratorShape.java" startline="34" endline="43" pcid="1030"></source>
<source file="systems/BreakBottleNeckBadNews3/org/andengine/opengl/texture/atlas/bitmap/source/decorator/shape/RoundedRectangleBitmapTextureAtlasSourceDecoratorShape.java" startline="34" endline="43" pcid="273"></source>
</clone>

<clone nlines="10" similarity="88">
<source file="systems/BreakBottleNeckBadNews3/org/andengine/opengl/texture/atlas/bitmap/source/decorator/shape/ArcBitmapTextureAtlasSourceDecoratorShape.java" startline="42" endline="51" pcid="283"></source>
<source file="systems/BreakBottleNeckBadNews3/org/andengine/opengl/texture/atlas/bitmap/source/decorator/shape/EllipseBitmapTextureAtlasSourceDecoratorShape.java" startline="19" endline="28" pcid="279"></source>
</clone>

<clone nlines="10" similarity="88">
<source file="systems/BreakBottleNeckBadNews3/org/andengine/opengl/texture/atlas/bitmap/source/decorator/shape/ArcBitmapTextureAtlasSourceDecoratorShape.java" startline="42" endline="51" pcid="283"></source>
<source file="systems/BreakBottleNeckBadNews3/org/andengine/opengl/texture/atlas/bitmap/source/decorator/shape/RoundedRectangleBitmapTextureAtlasSourceDecoratorShape.java" startline="34" endline="43" pcid="273"></source>
</clone>

<clone nlines="10" similarity="88">
<source file="systems/BreakBottleNeckBadNews3/org/andengine/opengl/texture/atlas/bitmap/source/decorator/shape/EllipseBitmapTextureAtlasSourceDecoratorShape.java" startline="19" endline="28" pcid="279"></source>
<source file="systems/BreakBottleNeckBadNews3/org/andengine/opengl/texture/atlas/bitmap/source/decorator/shape/RoundedRectangleBitmapTextureAtlasSourceDecoratorShape.java" startline="34" endline="43" pcid="273"></source>
</clone>

</clones>
