<clones>
<systeminfo processor="nicad6" system="BreakBottleNeckBadNews3" granularity="functions-blind" threshold="30%" minlines="10" maxlines="2500"/>
<cloneinfo npcs="1191" npairs="240"/>
<runinfo ncompares="4302" cputime="144755"/>
<classinfo nclasses="15"/>

<class classid="1" nclones="8" nlines="18" similarity="70">
<source file="systems/BreakBottleNeckBadNews3/Football/IInAppBillingService.java" startline="127" endline="143" pcid="9">
      public int consumePurchase(int param2Int, String param2String1, String param2String2) throws RemoteException {
        Parcel parcel1 = Parcel.obtain();
        Parcel parcel2 = Parcel.obtain();
        try {
          parcel1.writeInterfaceToken("com.android.vending.billing.IInAppBillingService");
          parcel1.writeInt(param2Int);
          parcel1.writeString(param2String1);
          parcel1.writeString(param2String2);
          this.mRemote.transact(5, parcel1, parcel2, 0);
          parcel2.readException();
          param2Int = parcel2.readInt();
          return param2Int;
        } finally {
          parcel2.recycle();
          parcel1.recycle();
        } 
      }
</source>
<source file="systems/BreakBottleNeckBadNews3/Football/IInAppBillingService.java" startline="248" endline="264" pcid="17">
    public int consumePurchase(int param1Int, String param1String1, String param1String2) throws RemoteException {
      Parcel parcel1 = Parcel.obtain();
      Parcel parcel2 = Parcel.obtain();
      try {
        parcel1.writeInterfaceToken("com.android.vending.billing.IInAppBillingService");
        parcel1.writeInt(param1Int);
        parcel1.writeString(param1String1);
        parcel1.writeString(param1String2);
        this.mRemote.transact(5, parcel1, parcel2, 0);
        parcel2.readException();
        param1Int = parcel2.readInt();
        return param1Int;
      } finally {
        parcel2.recycle();
        parcel1.recycle();
      } 
    }
</source>
<source file="systems/BreakBottleNeckBadNews3/Football/IInAppBillingService.java" startline="292" endline="311" pcid="20">
    public Bundle getPurchases(int param1Int, String param1String1, String param1String2, String param1String3) throws RemoteException {
      Parcel parcel1 = Parcel.obtain();
      Parcel parcel2 = Parcel.obtain();
      try {
        parcel1.writeInterfaceToken("com.android.vending.billing.IInAppBillingService");
        parcel1.writeInt(param1Int);
        parcel1.writeString(param1String1);
        parcel1.writeString(param1String2);
        parcel1.writeString(param1String3);
        this.mRemote.transact(4, parcel1, parcel2, 0);
        parcel2.readException();
        if (parcel2.readInt() != 0)
          return (Bundle)Bundle.CREATOR.createFromParcel(parcel2); 
        param1String1 = null;
        return (Bundle)param1String1;
      } finally {
        parcel2.recycle();
        parcel1.recycle();
      } 
    }
</source>
<source file="systems/BreakBottleNeckBadNews3/Football/IInAppBillingService.java" startline="171" endline="190" pcid="12">
      public Bundle getPurchases(int param2Int, String param2String1, String param2String2, String param2String3) throws RemoteException {
        Parcel parcel1 = Parcel.obtain();
        Parcel parcel2 = Parcel.obtain();
        try {
          parcel1.writeInterfaceToken("com.android.vending.billing.IInAppBillingService");
          parcel1.writeInt(param2Int);
          parcel1.writeString(param2String1);
          parcel1.writeString(param2String2);
          parcel1.writeString(param2String3);
          this.mRemote.transact(4, parcel1, parcel2, 0);
          parcel2.readException();
          if (parcel2.readInt() != 0)
            return (Bundle)Bundle.CREATOR.createFromParcel(parcel2); 
          param2String1 = null;
          return (Bundle)param2String1;
        } finally {
          parcel2.recycle();
          parcel1.recycle();
        } 
      }
</source>
<source file="systems/BreakBottleNeckBadNews3/Football/IInAppBillingService.java" startline="217" endline="233" pcid="14">
      public int isBillingSupported(int param2Int, String param2String1, String param2String2) throws RemoteException {
        Parcel parcel1 = Parcel.obtain();
        Parcel parcel2 = Parcel.obtain();
        try {
          parcel1.writeInterfaceToken("com.android.vending.billing.IInAppBillingService");
          parcel1.writeInt(param2Int);
          parcel1.writeString(param2String1);
          parcel1.writeString(param2String2);
          this.mRemote.transact(1, parcel1, parcel2, 0);
          parcel2.readException();
          param2Int = parcel2.readInt();
          return param2Int;
        } finally {
          parcel2.recycle();
          parcel1.recycle();
        } 
      }
</source>
<source file="systems/BreakBottleNeckBadNews3/Football/IInAppBillingService.java" startline="338" endline="354" pcid="22">
    public int isBillingSupported(int param1Int, String param1String1, String param1String2) throws RemoteException {
      Parcel parcel1 = Parcel.obtain();
      Parcel parcel2 = Parcel.obtain();
      try {
        parcel1.writeInterfaceToken("com.android.vending.billing.IInAppBillingService");
        parcel1.writeInt(param1Int);
        parcel1.writeString(param1String1);
        parcel1.writeString(param1String2);
        this.mRemote.transact(1, parcel1, parcel2, 0);
        parcel2.readException();
        param1Int = parcel2.readInt();
        return param1Int;
      } finally {
        parcel2.recycle();
        parcel1.recycle();
      } 
    }
</source>
<source file="systems/BreakBottleNeckBadNews3/Football/IInAppBillingService.java" startline="145" endline="165" pcid="10">
      public Bundle getBuyIntent(int param2Int, String param2String1, String param2String2, String param2String3, String param2String4) throws RemoteException {
        Parcel parcel1 = Parcel.obtain();
        Parcel parcel2 = Parcel.obtain();
        try {
          parcel1.writeInterfaceToken("com.android.vending.billing.IInAppBillingService");
          parcel1.writeInt(param2Int);
          parcel1.writeString(param2String1);
          parcel1.writeString(param2String2);
          parcel1.writeString(param2String3);
          parcel1.writeString(param2String4);
          this.mRemote.transact(3, parcel1, parcel2, 0);
          parcel2.readException();
          if (parcel2.readInt() != 0)
            return (Bundle)Bundle.CREATOR.createFromParcel(parcel2); 
          param2String1 = null;
          return (Bundle)param2String1;
        } finally {
          parcel2.recycle();
          parcel1.recycle();
        } 
      }
</source>
<source file="systems/BreakBottleNeckBadNews3/Football/IInAppBillingService.java" startline="266" endline="286" pcid="18">
    public Bundle getBuyIntent(int param1Int, String param1String1, String param1String2, String param1String3, String param1String4) throws RemoteException {
      Parcel parcel1 = Parcel.obtain();
      Parcel parcel2 = Parcel.obtain();
      try {
        parcel1.writeInterfaceToken("com.android.vending.billing.IInAppBillingService");
        parcel1.writeInt(param1Int);
        parcel1.writeString(param1String1);
        parcel1.writeString(param1String2);
        parcel1.writeString(param1String3);
        parcel1.writeString(param1String4);
        this.mRemote.transact(3, parcel1, parcel2, 0);
        parcel2.readException();
        if (parcel2.readInt() != 0)
          return (Bundle)Bundle.CREATOR.createFromParcel(parcel2); 
        param1String1 = null;
        return (Bundle)param1String1;
      } finally {
        parcel2.recycle();
        parcel1.recycle();
      } 
    }
</source>
</class>

<class classid="2" nclones="26" nlines="26" similarity="71">
<source file="systems/BreakBottleNeckBadNews3/Football/IInAppBillingService.java" startline="192" endline="215" pcid="13">
      public Bundle getSkuDetails(int param2Int, String param2String1, String param2String2, Bundle param2Bundle) throws RemoteException {
        Parcel parcel1 = Parcel.obtain();
        Parcel parcel2 = Parcel.obtain();
        try {
          parcel1.writeInterfaceToken("com.android.vending.billing.IInAppBillingService");
          parcel1.writeInt(param2Int);
          parcel1.writeString(param2String1);
          parcel1.writeString(param2String2);
          if (param2Bundle != null) {
            parcel1.writeInt(1);
            param2Bundle.writeToParcel(parcel1, 0);
          } else {
            parcel1.writeInt(0);
          } 
          this.mRemote.transact(2, parcel1, parcel2, 0);
        } finally {
          parcel2.recycle();
          parcel1.recycle();
        } 
        param2String1 = null;
        parcel2.recycle();
        parcel1.recycle();
        return (Bundle)param2String1;
      }
</source>
<source file="systems/BreakBottleNeckBadNews3/guys Race/ICustomTabsService.java" startline="327" endline="351" pcid="1181">
    public Bundle extraCommand(String param1String, Bundle param1Bundle) throws RemoteException {
      Parcel parcel1 = Parcel.obtain();
      Parcel parcel2 = Parcel.obtain();
      try {
        parcel1.writeInterfaceToken("android.support.customtabs.ICustomTabsService");
        parcel1.writeString(param1String);
        if (param1Bundle != null) {
          parcel1.writeInt(1);
          param1Bundle.writeToParcel(parcel1, 0);
        } else {
          parcel1.writeInt(0);
        } 
        this.mRemote.transact(5, parcel1, parcel2, 0);
        parcel2.readException();
        if (parcel2.readInt() != 0) {
          Bundle bundle = (Bundle)Bundle.CREATOR.createFromParcel(parcel2);
        } else {
          param1String = null;
        } 
        return (Bundle)param1String;
      } finally {
        parcel2.recycle();
        parcel1.recycle();
      } 
    }
</source>
<source file="systems/BreakBottleNeckBadNews3/Football/IInAppBillingService.java" startline="313" endline="336" pcid="21">
    public Bundle getSkuDetails(int param1Int, String param1String1, String param1String2, Bundle param1Bundle) throws RemoteException {
      Parcel parcel1 = Parcel.obtain();
      Parcel parcel2 = Parcel.obtain();
      try {
        parcel1.writeInterfaceToken("com.android.vending.billing.IInAppBillingService");
        parcel1.writeInt(param1Int);
        parcel1.writeString(param1String1);
        parcel1.writeString(param1String2);
        if (param1Bundle != null) {
          parcel1.writeInt(1);
          param1Bundle.writeToParcel(parcel1, 0);
        } else {
          parcel1.writeInt(0);
        } 
        this.mRemote.transact(2, parcel1, parcel2, 0);
      } finally {
        parcel2.recycle();
        parcel1.recycle();
      } 
      param1String1 = null;
      parcel2.recycle();
      parcel1.recycle();
      return (Bundle)param1String1;
    }
</source>
<source file="systems/BreakBottleNeckBadNews3/guys Race/ICustomTabsService.java" startline="78" endline="102" pcid="1170">
      public Bundle extraCommand(String param2String, Bundle param2Bundle) throws RemoteException {
        Parcel parcel1 = Parcel.obtain();
        Parcel parcel2 = Parcel.obtain();
        try {
          parcel1.writeInterfaceToken("android.support.customtabs.ICustomTabsService");
          parcel1.writeString(param2String);
          if (param2Bundle != null) {
            parcel1.writeInt(1);
            param2Bundle.writeToParcel(parcel1, 0);
          } else {
            parcel1.writeInt(0);
          } 
          this.mRemote.transact(5, parcel1, parcel2, 0);
          parcel2.readException();
          if (parcel2.readInt() != 0) {
            Bundle bundle = (Bundle)Bundle.CREATOR.createFromParcel(parcel2);
          } else {
            param2String = null;
          } 
          return (Bundle)param2String;
        } finally {
          parcel2.recycle();
          parcel1.recycle();
        } 
      }
</source>
<source file="systems/BreakBottleNeckBadNews3/guys Race/ICustomTabsCallback.java" startline="198" endline="217" pcid="1154">
      public void onPostMessage(String param2String, Bundle param2Bundle) throws RemoteException {
        Parcel parcel1 = Parcel.obtain();
        Parcel parcel2 = Parcel.obtain();
        try {
          parcel1.writeInterfaceToken("android.support.customtabs.ICustomTabsCallback");
          parcel1.writeString(param2String);
          if (param2Bundle != null) {
            parcel1.writeInt(1);
            param2Bundle.writeToParcel(parcel1, 0);
          } else {
            parcel1.writeInt(0);
          } 
          this.mRemote.transact(5, parcel1, parcel2, 0);
          parcel2.readException();
          return;
        } finally {
          parcel2.recycle();
          parcel1.recycle();
        } 
      }
</source>
<source file="systems/BreakBottleNeckBadNews3/guys Race/ICustomTabsCallback.java" startline="177" endline="196" pcid="1153">
      public void onNavigationEvent(int param2Int, Bundle param2Bundle) throws RemoteException {
        Parcel parcel1 = Parcel.obtain();
        Parcel parcel2 = Parcel.obtain();
        try {
          parcel1.writeInterfaceToken("android.support.customtabs.ICustomTabsCallback");
          parcel1.writeInt(param2Int);
          if (param2Bundle != null) {
            parcel1.writeInt(1);
            param2Bundle.writeToParcel(parcel1, 0);
          } else {
            parcel1.writeInt(0);
          } 
          this.mRemote.transact(2, parcel1, parcel2, 0);
          parcel2.readException();
          return;
        } finally {
          parcel2.recycle();
          parcel1.recycle();
        } 
      }
</source>
<source file="systems/BreakBottleNeckBadNews3/guys Race/ICustomTabsCallback.java" startline="259" endline="278" pcid="1158">
    public void extraCallback(String param1String, Bundle param1Bundle) throws RemoteException {
      Parcel parcel1 = Parcel.obtain();
      Parcel parcel2 = Parcel.obtain();
      try {
        parcel1.writeInterfaceToken("android.support.customtabs.ICustomTabsCallback");
        parcel1.writeString(param1String);
        if (param1Bundle != null) {
          parcel1.writeInt(1);
          param1Bundle.writeToParcel(parcel1, 0);
        } else {
          parcel1.writeInt(0);
        } 
        this.mRemote.transact(3, parcel1, parcel2, 0);
        parcel2.readException();
        return;
      } finally {
        parcel2.recycle();
        parcel1.recycle();
      } 
    }
</source>
<source file="systems/BreakBottleNeckBadNews3/guys Race/ICustomTabsCallback.java" startline="132" endline="151" pcid="1150">
      public void extraCallback(String param2String, Bundle param2Bundle) throws RemoteException {
        Parcel parcel1 = Parcel.obtain();
        Parcel parcel2 = Parcel.obtain();
        try {
          parcel1.writeInterfaceToken("android.support.customtabs.ICustomTabsCallback");
          parcel1.writeString(param2String);
          if (param2Bundle != null) {
            parcel1.writeInt(1);
            param2Bundle.writeToParcel(parcel1, 0);
          } else {
            parcel1.writeInt(0);
          } 
          this.mRemote.transact(3, parcel1, parcel2, 0);
          parcel2.readException();
          return;
        } finally {
          parcel2.recycle();
          parcel1.recycle();
        } 
      }
</source>
<source file="systems/BreakBottleNeckBadNews3/guys Race/ICustomTabsCallback.java" startline="304" endline="323" pcid="1161">
    public void onNavigationEvent(int param1Int, Bundle param1Bundle) throws RemoteException {
      Parcel parcel1 = Parcel.obtain();
      Parcel parcel2 = Parcel.obtain();
      try {
        parcel1.writeInterfaceToken("android.support.customtabs.ICustomTabsCallback");
        parcel1.writeInt(param1Int);
        if (param1Bundle != null) {
          parcel1.writeInt(1);
          param1Bundle.writeToParcel(parcel1, 0);
        } else {
          parcel1.writeInt(0);
        } 
        this.mRemote.transact(2, parcel1, parcel2, 0);
        parcel2.readException();
        return;
      } finally {
        parcel2.recycle();
        parcel1.recycle();
      } 
    }
</source>
<source file="systems/BreakBottleNeckBadNews3/guys Race/ICustomTabsCallback.java" startline="325" endline="344" pcid="1162">
    public void onPostMessage(String param1String, Bundle param1Bundle) throws RemoteException {
      Parcel parcel1 = Parcel.obtain();
      Parcel parcel2 = Parcel.obtain();
      try {
        parcel1.writeInterfaceToken("android.support.customtabs.ICustomTabsCallback");
        parcel1.writeString(param1String);
        if (param1Bundle != null) {
          parcel1.writeInt(1);
          param1Bundle.writeToParcel(parcel1, 0);
        } else {
          parcel1.writeInt(0);
        } 
        this.mRemote.transact(5, parcel1, parcel2, 0);
        parcel2.readException();
        return;
      } finally {
        parcel2.recycle();
        parcel1.recycle();
      } 
    }
</source>
<source file="systems/BreakBottleNeckBadNews3/guys Race/ICustomTabsCallback.java" startline="284" endline="302" pcid="1160">
    public void onMessageChannelReady(Bundle param1Bundle) throws RemoteException {
      Parcel parcel1 = Parcel.obtain();
      Parcel parcel2 = Parcel.obtain();
      try {
        parcel1.writeInterfaceToken("android.support.customtabs.ICustomTabsCallback");
        if (param1Bundle != null) {
          parcel1.writeInt(1);
          param1Bundle.writeToParcel(parcel1, 0);
        } else {
          parcel1.writeInt(0);
        } 
        this.mRemote.transact(4, parcel1, parcel2, 0);
        parcel2.readException();
        return;
      } finally {
        parcel2.recycle();
        parcel1.recycle();
      } 
    }
</source>
<source file="systems/BreakBottleNeckBadNews3/guys Race/ICustomTabsCallback.java" startline="157" endline="175" pcid="1152">
      public void onMessageChannelReady(Bundle param2Bundle) throws RemoteException {
        Parcel parcel1 = Parcel.obtain();
        Parcel parcel2 = Parcel.obtain();
        try {
          parcel1.writeInterfaceToken("android.support.customtabs.ICustomTabsCallback");
          if (param2Bundle != null) {
            parcel1.writeInt(1);
            param2Bundle.writeToParcel(parcel1, 0);
          } else {
            parcel1.writeInt(0);
          } 
          this.mRemote.transact(4, parcel1, parcel2, 0);
          parcel2.readException();
          return;
        } finally {
          parcel2.recycle();
          parcel1.recycle();
        } 
      }
</source>
<source file="systems/BreakBottleNeckBadNews3/guys Race/IPostMessageService.java" startline="108" endline="133" pcid="1138">
      public void onPostMessage(ICustomTabsCallback param2ICustomTabsCallback, String param2String, Bundle param2Bundle) throws RemoteException {
        Parcel parcel1 = Parcel.obtain();
        Parcel parcel2 = Parcel.obtain();
        try {
          parcel1.writeInterfaceToken("android.support.customtabs.IPostMessageService");
          if (param2ICustomTabsCallback != null) {
            IBinder iBinder = param2ICustomTabsCallback.asBinder();
          } else {
            param2ICustomTabsCallback = null;
          } 
          parcel1.writeStrongBinder((IBinder)param2ICustomTabsCallback);
          parcel1.writeString(param2String);
          if (param2Bundle != null) {
            parcel1.writeInt(1);
            param2Bundle.writeToParcel(parcel1, 0);
          } else {
            parcel1.writeInt(0);
          } 
          this.mRemote.transact(3, parcel1, parcel2, 0);
          parcel2.readException();
          return;
        } finally {
          parcel2.recycle();
          parcel1.recycle();
        } 
      }
</source>
<source file="systems/BreakBottleNeckBadNews3/guys Race/IPostMessageService.java" startline="152" endline="176" pcid="1142">
    public void onMessageChannelReady(ICustomTabsCallback param1ICustomTabsCallback, Bundle param1Bundle) throws RemoteException {
      Parcel parcel1 = Parcel.obtain();
      Parcel parcel2 = Parcel.obtain();
      try {
        parcel1.writeInterfaceToken("android.support.customtabs.IPostMessageService");
        if (param1ICustomTabsCallback != null) {
          IBinder iBinder = param1ICustomTabsCallback.asBinder();
        } else {
          param1ICustomTabsCallback = null;
        } 
        parcel1.writeStrongBinder((IBinder)param1ICustomTabsCallback);
        if (param1Bundle != null) {
          parcel1.writeInt(1);
          param1Bundle.writeToParcel(parcel1, 0);
        } else {
          parcel1.writeInt(0);
        } 
        this.mRemote.transact(2, parcel1, parcel2, 0);
        parcel2.readException();
        return;
      } finally {
        parcel2.recycle();
        parcel1.recycle();
      } 
    }
</source>
<source file="systems/BreakBottleNeckBadNews3/guys Race/IPostMessageService.java" startline="178" endline="203" pcid="1143">
    public void onPostMessage(ICustomTabsCallback param1ICustomTabsCallback, String param1String, Bundle param1Bundle) throws RemoteException {
      Parcel parcel1 = Parcel.obtain();
      Parcel parcel2 = Parcel.obtain();
      try {
        parcel1.writeInterfaceToken("android.support.customtabs.IPostMessageService");
        if (param1ICustomTabsCallback != null) {
          IBinder iBinder = param1ICustomTabsCallback.asBinder();
        } else {
          param1ICustomTabsCallback = null;
        } 
        parcel1.writeStrongBinder((IBinder)param1ICustomTabsCallback);
        parcel1.writeString(param1String);
        if (param1Bundle != null) {
          parcel1.writeInt(1);
          param1Bundle.writeToParcel(parcel1, 0);
        } else {
          parcel1.writeInt(0);
        } 
        this.mRemote.transact(3, parcel1, parcel2, 0);
        parcel2.readException();
        return;
      } finally {
        parcel2.recycle();
        parcel1.recycle();
      } 
    }
</source>
<source file="systems/BreakBottleNeckBadNews3/guys Race/IPostMessageService.java" startline="82" endline="106" pcid="1137">
      public void onMessageChannelReady(ICustomTabsCallback param2ICustomTabsCallback, Bundle param2Bundle) throws RemoteException {
        Parcel parcel1 = Parcel.obtain();
        Parcel parcel2 = Parcel.obtain();
        try {
          parcel1.writeInterfaceToken("android.support.customtabs.IPostMessageService");
          if (param2ICustomTabsCallback != null) {
            IBinder iBinder = param2ICustomTabsCallback.asBinder();
          } else {
            param2ICustomTabsCallback = null;
          } 
          parcel1.writeStrongBinder((IBinder)param2ICustomTabsCallback);
          if (param2Bundle != null) {
            parcel1.writeInt(1);
            param2Bundle.writeToParcel(parcel1, 0);
          } else {
            parcel1.writeInt(0);
          } 
          this.mRemote.transact(2, parcel1, parcel2, 0);
          parcel2.readException();
          return;
        } finally {
          parcel2.recycle();
          parcel1.recycle();
        } 
      }
</source>
<source file="systems/BreakBottleNeckBadNews3/guys Race/ICustomTabsService.java" startline="227" endline="255" pcid="1176">
      public boolean updateVisuals(ICustomTabsCallback param2ICustomTabsCallback, Bundle param2Bundle) throws RemoteException {
        Parcel parcel1 = Parcel.obtain();
        Parcel parcel2 = Parcel.obtain();
        try {
          parcel1.writeInterfaceToken("android.support.customtabs.ICustomTabsService");
          if (param2ICustomTabsCallback != null) {
            IBinder iBinder = param2ICustomTabsCallback.asBinder();
          } else {
            param2ICustomTabsCallback = null;
          } 
          parcel1.writeStrongBinder((IBinder)param2ICustomTabsCallback);
          boolean bool = true;
          if (param2Bundle != null) {
            parcel1.writeInt(1);
            param2Bundle.writeToParcel(parcel1, 0);
          } else {
            parcel1.writeInt(0);
          } 
          this.mRemote.transact(6, parcel1, parcel2, 0);
          parcel2.readException();
          int i = parcel2.readInt();
          if (i == 0)
            bool = false; 
          return bool;
        } finally {
          parcel2.recycle();
          parcel1.recycle();
        } 
      }
</source>
<source file="systems/BreakBottleNeckBadNews3/guys Race/ICustomTabsService.java" startline="197" endline="225" pcid="1175">
      public boolean requestPostMessageChannel(ICustomTabsCallback param2ICustomTabsCallback, Uri param2Uri) throws RemoteException {
        Parcel parcel1 = Parcel.obtain();
        Parcel parcel2 = Parcel.obtain();
        try {
          parcel1.writeInterfaceToken("android.support.customtabs.ICustomTabsService");
          if (param2ICustomTabsCallback != null) {
            IBinder iBinder = param2ICustomTabsCallback.asBinder();
          } else {
            param2ICustomTabsCallback = null;
          } 
          parcel1.writeStrongBinder((IBinder)param2ICustomTabsCallback);
          boolean bool = true;
          if (param2Uri != null) {
            parcel1.writeInt(1);
            param2Uri.writeToParcel(parcel1, 0);
          } else {
            parcel1.writeInt(0);
          } 
          this.mRemote.transact(7, parcel1, parcel2, 0);
          parcel2.readException();
          int i = parcel2.readInt();
          if (i == 0)
            bool = false; 
          return bool;
        } finally {
          parcel2.recycle();
          parcel1.recycle();
        } 
      }
</source>
<source file="systems/BreakBottleNeckBadNews3/guys Race/ICustomTabsService.java" startline="419" endline="444" pcid="1185">
    public int postMessage(ICustomTabsCallback param1ICustomTabsCallback, String param1String, Bundle param1Bundle) throws RemoteException {
      Parcel parcel1 = Parcel.obtain();
      Parcel parcel2 = Parcel.obtain();
      try {
        parcel1.writeInterfaceToken("android.support.customtabs.ICustomTabsService");
        if (param1ICustomTabsCallback != null) {
          IBinder iBinder = param1ICustomTabsCallback.asBinder();
        } else {
          param1ICustomTabsCallback = null;
        } 
        parcel1.writeStrongBinder((IBinder)param1ICustomTabsCallback);
        parcel1.writeString(param1String);
        if (param1Bundle != null) {
          parcel1.writeInt(1);
          param1Bundle.writeToParcel(parcel1, 0);
        } else {
          parcel1.writeInt(0);
        } 
        this.mRemote.transact(8, parcel1, parcel2, 0);
        parcel2.readException();
        return parcel2.readInt();
      } finally {
        parcel2.recycle();
        parcel1.recycle();
      } 
    }
</source>
<source file="systems/BreakBottleNeckBadNews3/guys Race/ICustomTabsService.java" startline="170" endline="195" pcid="1174">
      public int postMessage(ICustomTabsCallback param2ICustomTabsCallback, String param2String, Bundle param2Bundle) throws RemoteException {
        Parcel parcel1 = Parcel.obtain();
        Parcel parcel2 = Parcel.obtain();
        try {
          parcel1.writeInterfaceToken("android.support.customtabs.ICustomTabsService");
          if (param2ICustomTabsCallback != null) {
            IBinder iBinder = param2ICustomTabsCallback.asBinder();
          } else {
            param2ICustomTabsCallback = null;
          } 
          parcel1.writeStrongBinder((IBinder)param2ICustomTabsCallback);
          parcel1.writeString(param2String);
          if (param2Bundle != null) {
            parcel1.writeInt(1);
            param2Bundle.writeToParcel(parcel1, 0);
          } else {
            parcel1.writeInt(0);
          } 
          this.mRemote.transact(8, parcel1, parcel2, 0);
          parcel2.readException();
          return parcel2.readInt();
        } finally {
          parcel2.recycle();
          parcel1.recycle();
        } 
      }
</source>
<source file="systems/BreakBottleNeckBadNews3/guys Race/ICustomTabsService.java" startline="476" endline="504" pcid="1187">
    public boolean updateVisuals(ICustomTabsCallback param1ICustomTabsCallback, Bundle param1Bundle) throws RemoteException {
      Parcel parcel1 = Parcel.obtain();
      Parcel parcel2 = Parcel.obtain();
      try {
        parcel1.writeInterfaceToken("android.support.customtabs.ICustomTabsService");
        if (param1ICustomTabsCallback != null) {
          IBinder iBinder = param1ICustomTabsCallback.asBinder();
        } else {
          param1ICustomTabsCallback = null;
        } 
        parcel1.writeStrongBinder((IBinder)param1ICustomTabsCallback);
        boolean bool = true;
        if (param1Bundle != null) {
          parcel1.writeInt(1);
          param1Bundle.writeToParcel(parcel1, 0);
        } else {
          parcel1.writeInt(0);
        } 
        this.mRemote.transact(6, parcel1, parcel2, 0);
        parcel2.readException();
        int i = parcel2.readInt();
        if (i == 0)
          bool = false; 
        return bool;
      } finally {
        parcel2.recycle();
        parcel1.recycle();
      } 
    }
</source>
<source file="systems/BreakBottleNeckBadNews3/guys Race/ICustomTabsService.java" startline="446" endline="474" pcid="1186">
    public boolean requestPostMessageChannel(ICustomTabsCallback param1ICustomTabsCallback, Uri param1Uri) throws RemoteException {
      Parcel parcel1 = Parcel.obtain();
      Parcel parcel2 = Parcel.obtain();
      try {
        parcel1.writeInterfaceToken("android.support.customtabs.ICustomTabsService");
        if (param1ICustomTabsCallback != null) {
          IBinder iBinder = param1ICustomTabsCallback.asBinder();
        } else {
          param1ICustomTabsCallback = null;
        } 
        parcel1.writeStrongBinder((IBinder)param1ICustomTabsCallback);
        boolean bool = true;
        if (param1Uri != null) {
          parcel1.writeInt(1);
          param1Uri.writeToParcel(parcel1, 0);
        } else {
          parcel1.writeInt(0);
        } 
        this.mRemote.transact(7, parcel1, parcel2, 0);
        parcel2.readException();
        int i = parcel2.readInt();
        if (i == 0)
          bool = false; 
        return bool;
      } finally {
        parcel2.recycle();
        parcel1.recycle();
      } 
    }
</source>
<source file="systems/BreakBottleNeckBadNews3/guys Race/ICustomTabsService.java" startline="108" endline="143" pcid="1172">
      public boolean mayLaunchUrl(ICustomTabsCallback param2ICustomTabsCallback, Uri param2Uri, Bundle param2Bundle, List<Bundle> param2List) throws RemoteException {
        Parcel parcel1 = Parcel.obtain();
        Parcel parcel2 = Parcel.obtain();
        try {
          parcel1.writeInterfaceToken("android.support.customtabs.ICustomTabsService");
          if (param2ICustomTabsCallback != null) {
            IBinder iBinder = param2ICustomTabsCallback.asBinder();
          } else {
            param2ICustomTabsCallback = null;
          } 
          parcel1.writeStrongBinder((IBinder)param2ICustomTabsCallback);
          boolean bool = true;
          if (param2Uri != null) {
            parcel1.writeInt(1);
            param2Uri.writeToParcel(parcel1, 0);
          } else {
            parcel1.writeInt(0);
          } 
          if (param2Bundle != null) {
            parcel1.writeInt(1);
            param2Bundle.writeToParcel(parcel1, 0);
          } else {
            parcel1.writeInt(0);
          } 
          parcel1.writeTypedList(param2List);
          this.mRemote.transact(4, parcel1, parcel2, 0);
          parcel2.readException();
          int i = parcel2.readInt();
          if (i == 0)
            bool = false; 
          return bool;
        } finally {
          parcel2.recycle();
          parcel1.recycle();
        } 
      }
</source>
<source file="systems/BreakBottleNeckBadNews3/guys Race/ICustomTabsService.java" startline="506" endline="541" pcid="1188">
    public boolean validateRelationship(ICustomTabsCallback param1ICustomTabsCallback, int param1Int, Uri param1Uri, Bundle param1Bundle) throws RemoteException {
      Parcel parcel1 = Parcel.obtain();
      Parcel parcel2 = Parcel.obtain();
      try {
        parcel1.writeInterfaceToken("android.support.customtabs.ICustomTabsService");
        if (param1ICustomTabsCallback != null) {
          IBinder iBinder = param1ICustomTabsCallback.asBinder();
        } else {
          param1ICustomTabsCallback = null;
        } 
        parcel1.writeStrongBinder((IBinder)param1ICustomTabsCallback);
        parcel1.writeInt(param1Int);
        boolean bool = true;
        if (param1Uri != null) {
          parcel1.writeInt(1);
          param1Uri.writeToParcel(parcel1, 0);
        } else {
          parcel1.writeInt(0);
        } 
        if (param1Bundle != null) {
          parcel1.writeInt(1);
          param1Bundle.writeToParcel(parcel1, 0);
        } else {
          parcel1.writeInt(0);
        } 
        this.mRemote.transact(9, parcel1, parcel2, 0);
        parcel2.readException();
        param1Int = parcel2.readInt();
        if (param1Int == 0)
          bool = false; 
        return bool;
      } finally {
        parcel2.recycle();
        parcel1.recycle();
      } 
    }
</source>
<source file="systems/BreakBottleNeckBadNews3/guys Race/ICustomTabsService.java" startline="357" endline="392" pcid="1183">
    public boolean mayLaunchUrl(ICustomTabsCallback param1ICustomTabsCallback, Uri param1Uri, Bundle param1Bundle, List<Bundle> param1List) throws RemoteException {
      Parcel parcel1 = Parcel.obtain();
      Parcel parcel2 = Parcel.obtain();
      try {
        parcel1.writeInterfaceToken("android.support.customtabs.ICustomTabsService");
        if (param1ICustomTabsCallback != null) {
          IBinder iBinder = param1ICustomTabsCallback.asBinder();
        } else {
          param1ICustomTabsCallback = null;
        } 
        parcel1.writeStrongBinder((IBinder)param1ICustomTabsCallback);
        boolean bool = true;
        if (param1Uri != null) {
          parcel1.writeInt(1);
          param1Uri.writeToParcel(parcel1, 0);
        } else {
          parcel1.writeInt(0);
        } 
        if (param1Bundle != null) {
          parcel1.writeInt(1);
          param1Bundle.writeToParcel(parcel1, 0);
        } else {
          parcel1.writeInt(0);
        } 
        parcel1.writeTypedList(param1List);
        this.mRemote.transact(4, parcel1, parcel2, 0);
        parcel2.readException();
        int i = parcel2.readInt();
        if (i == 0)
          bool = false; 
        return bool;
      } finally {
        parcel2.recycle();
        parcel1.recycle();
      } 
    }
</source>
<source file="systems/BreakBottleNeckBadNews3/guys Race/ICustomTabsService.java" startline="257" endline="292" pcid="1177">
      public boolean validateRelationship(ICustomTabsCallback param2ICustomTabsCallback, int param2Int, Uri param2Uri, Bundle param2Bundle) throws RemoteException {
        Parcel parcel1 = Parcel.obtain();
        Parcel parcel2 = Parcel.obtain();
        try {
          parcel1.writeInterfaceToken("android.support.customtabs.ICustomTabsService");
          if (param2ICustomTabsCallback != null) {
            IBinder iBinder = param2ICustomTabsCallback.asBinder();
          } else {
            param2ICustomTabsCallback = null;
          } 
          parcel1.writeStrongBinder((IBinder)param2ICustomTabsCallback);
          parcel1.writeInt(param2Int);
          boolean bool = true;
          if (param2Uri != null) {
            parcel1.writeInt(1);
            param2Uri.writeToParcel(parcel1, 0);
          } else {
            parcel1.writeInt(0);
          } 
          if (param2Bundle != null) {
            parcel1.writeInt(1);
            param2Bundle.writeToParcel(parcel1, 0);
          } else {
            parcel1.writeInt(0);
          } 
          this.mRemote.transact(9, parcel1, parcel2, 0);
          parcel2.readException();
          param2Int = parcel2.readInt();
          if (param2Int == 0)
            bool = false; 
          return bool;
        } finally {
          parcel2.recycle();
          parcel1.recycle();
        } 
      }
</source>
</class>

<class classid="3" nclones="2" nlines="30" similarity="100">
<source file="systems/BreakBottleNeckBadNews3/org/andengine/opengl/texture/compressed/pvr/PVRTexture.java" startline="74" endline="105" pcid="79">
  public PVRTexture(TextureManager paramTextureManager, PVRTextureFormat paramPVRTextureFormat, IPVRTexturePixelBufferStrategy paramIPVRTexturePixelBufferStrategy, TextureOptions paramTextureOptions, ITextureStateListener paramITextureStateListener) throws IllegalArgumentException, IOException {
    super(paramTextureManager, paramPVRTextureFormat.getPixelFormat(), paramTextureOptions, paramITextureStateListener);
    InputStream inputStream;
    this.mPVRTexturePixelBufferStrategy = paramIPVRTexturePixelBufferStrategy;
    paramTextureManager = null;
    try {
      InputStream inputStream1 = getInputStream();
      inputStream = inputStream1;
      PVRTextureHeader pVRTextureHeader = new PVRTextureHeader();
      inputStream = inputStream1;
      this(StreamUtils.streamToBytes(inputStream1, 52));
      inputStream = inputStream1;
      this.mPVRTextureHeader = pVRTextureHeader;
      StreamUtils.close(inputStream1);
    } finally {
      StreamUtils.close(inputStream);
    } 
    if (this.mPVRTextureHeader.getPVRTextureFormat().isCompressed())
      throw new IllegalArgumentException("Invalid PVRTextureFormat: '" + this.mPVRTextureHeader.getPVRTextureFormat() + "'."); 
    if (hasMipMaps())
      switch (paramTextureOptions.mMinFilter) {
        default:
          Debug.w("This '" + getClass().getSimpleName() + "' contains mipmaps, but the provided '" + paramTextureOptions.getClass().getSimpleName() + "' don't have MipMaps enabled on the MinFilter!");
          break;
        case 9984:
        case 9985:
        case 9986:
        case 9987:
          break;
      }  
    this.mUpdateOnHardwareNeeded = true;
  }
</source>
<source file="systems/BreakBottleNeckBadNews3/sandwitch/PVRTexture.java" startline="74" endline="105" pcid="1040">
  public PVRTexture(TextureManager paramTextureManager, PVRTextureFormat paramPVRTextureFormat, IPVRTexturePixelBufferStrategy paramIPVRTexturePixelBufferStrategy, TextureOptions paramTextureOptions, ITextureStateListener paramITextureStateListener) throws IllegalArgumentException, IOException {
    super(paramTextureManager, paramPVRTextureFormat.getPixelFormat(), paramTextureOptions, paramITextureStateListener);
    InputStream inputStream;
    this.mPVRTexturePixelBufferStrategy = paramIPVRTexturePixelBufferStrategy;
    paramTextureManager = null;
    try {
      InputStream inputStream1 = getInputStream();
      inputStream = inputStream1;
      PVRTextureHeader pVRTextureHeader = new PVRTextureHeader();
      inputStream = inputStream1;
      this(StreamUtils.streamToBytes(inputStream1, 52));
      inputStream = inputStream1;
      this.mPVRTextureHeader = pVRTextureHeader;
      StreamUtils.close(inputStream1);
    } finally {
      StreamUtils.close(inputStream);
    } 
    if (this.mPVRTextureHeader.getPVRTextureFormat().isCompressed())
      throw new IllegalArgumentException("Invalid PVRTextureFormat: '" + this.mPVRTextureHeader.getPVRTextureFormat() + "'."); 
    if (hasMipMaps())
      switch (paramTextureOptions.mMinFilter) {
        default:
          Debug.w("This '" + getClass().getSimpleName() + "' contains mipmaps, but the provided '" + paramTextureOptions.getClass().getSimpleName() + "' don't have MipMaps enabled on the MinFilter!");
          break;
        case 9984:
        case 9985:
        case 9986:
        case 9987:
          break;
      }  
    this.mUpdateOnHardwareNeeded = true;
  }
</source>
</class>

<class classid="4" nclones="2" nlines="11" similarity="100">
<source file="systems/BreakBottleNeckBadNews3/org/andengine/opengl/texture/compressed/pvr/PVRTexture.java" startline="115" endline="125" pcid="82">
  public ByteBuffer getPVRTextureBuffer() throws IOException {
    InputStream inputStream = getInputStream();
    try {
      ByteBufferOutputStream byteBufferOutputStream = new ByteBufferOutputStream();
      this(1024, 524288);
      StreamUtils.copy(inputStream, (OutputStream)byteBufferOutputStream);
      return byteBufferOutputStream.toByteBuffer();
    } finally {
      StreamUtils.close(inputStream);
    } 
  }
</source>
<source file="systems/BreakBottleNeckBadNews3/sandwitch/PVRTexture.java" startline="115" endline="125" pcid="1043">
  public ByteBuffer getPVRTextureBuffer() throws IOException {
    InputStream inputStream = getInputStream();
    try {
      ByteBufferOutputStream byteBufferOutputStream = new ByteBufferOutputStream();
      this(1024, 524288);
      StreamUtils.copy(inputStream, (OutputStream)byteBufferOutputStream);
      return byteBufferOutputStream.toByteBuffer();
    } finally {
      StreamUtils.close(inputStream);
    } 
  }
</source>
</class>

<class classid="5" nclones="2" nlines="23" similarity="100">
<source file="systems/BreakBottleNeckBadNews3/org/andengine/opengl/texture/compressed/pvr/PVRTexture.java" startline="141" endline="164" pcid="86">
  protected void writeTextureToHardware(GLState paramGLState) throws IOException {
    IPVRTexturePixelBufferStrategy.IPVRTexturePixelBufferStrategyBufferManager iPVRTexturePixelBufferStrategyBufferManager = this.mPVRTexturePixelBufferStrategy.newPVRTexturePixelBufferStrategyManager(this);
    int i = getWidth();
    int j = getHeight();
    int k = this.mPVRTextureHeader.getDataLength();
    int m = this.mPVRTextureHeader.getBitsPerPixel() / 8;
    GLES20.glPixelStorei(3317, 1);
    byte b = 0;
    int n = 0;
    while (true) {
      if (n >= k) {
        GLES20.glPixelStorei(3317, 4);
        return;
      } 
      if (b && (i != j || MathUtils.nextPowerOfTwo(i) != i))
        Debug.w("Mipmap level '" + b + "' is not squared. Width: '" + i + "', height: '" + j + "'. Texture won't render correctly."); 
      int i1 = j * i * m;
      this.mPVRTexturePixelBufferStrategy.loadPVRTextureData(iPVRTexturePixelBufferStrategyBufferManager, i, j, m, this.mPixelFormat, b, n, i1);
      n += i1;
      i = Math.max(i / 2, 1);
      j = Math.max(j / 2, 1);
      b++;
    } 
  }
</source>
<source file="systems/BreakBottleNeckBadNews3/sandwitch/PVRTexture.java" startline="141" endline="164" pcid="1047">
  protected void writeTextureToHardware(GLState paramGLState) throws IOException {
    IPVRTexturePixelBufferStrategy.IPVRTexturePixelBufferStrategyBufferManager iPVRTexturePixelBufferStrategyBufferManager = this.mPVRTexturePixelBufferStrategy.newPVRTexturePixelBufferStrategyManager(this);
    int i = getWidth();
    int j = getHeight();
    int k = this.mPVRTextureHeader.getDataLength();
    int m = this.mPVRTextureHeader.getBitsPerPixel() / 8;
    GLES20.glPixelStorei(3317, 1);
    byte b = 0;
    int n = 0;
    while (true) {
      if (n >= k) {
        GLES20.glPixelStorei(3317, 4);
        return;
      } 
      if (b && (i != j || MathUtils.nextPowerOfTwo(i) != i))
        Debug.w("Mipmap level '" + b + "' is not squared. Width: '" + i + "', height: '" + j + "'. Texture won't render correctly."); 
      int i1 = j * i * m;
      this.mPVRTexturePixelBufferStrategy.loadPVRTextureData(iPVRTexturePixelBufferStrategyBufferManager, i, j, m, this.mPixelFormat, b, n, i1);
      n += i1;
      i = Math.max(i / 2, 1);
      j = Math.max(j / 2, 1);
      b++;
    } 
  }
</source>
</class>

<class classid="6" nclones="4" nlines="13" similarity="76">
<source file="systems/BreakBottleNeckBadNews3/org/andengine/opengl/texture/compressed/pvr/PVRTexture.java" startline="205" endline="217" pcid="89">
    public static PVRTextureFormat fromPixelFormat(PixelFormat param1PixelFormat) throws IllegalArgumentException {
      switch (param1PixelFormat) {
        default:
          throw new IllegalArgumentException("Unsupported " + PixelFormat.class.getName() + ": '" + param1PixelFormat + "'.");
        case null:
          return RGBA_8888;
        case null:
          return RGBA_4444;
        case null:
          break;
      } 
      return RGB_565;
    }
</source>
<source file="systems/BreakBottleNeckBadNews3/sandwitch/BitmapTextureFormat.java" startline="27" endline="41" pcid="1071">
  public static BitmapTextureFormat fromPixelFormat(PixelFormat paramPixelFormat) {
    switch (paramPixelFormat) {
      default:
        throw new IllegalArgumentException("Unsupported " + PixelFormat.class.getName() + ": '" + paramPixelFormat + "'.");
      case null:
        return RGBA_8888;
      case null:
        return RGBA_4444;
      case null:
        return RGB_565;
      case null:
        break;
    } 
    return A_8;
  }
</source>
<source file="systems/BreakBottleNeckBadNews3/sandwitch/PVRTexture.java" startline="205" endline="217" pcid="1050">
    public static PVRTextureFormat fromPixelFormat(PixelFormat param1PixelFormat) throws IllegalArgumentException {
      switch (param1PixelFormat) {
        default:
          throw new IllegalArgumentException("Unsupported " + PixelFormat.class.getName() + ": '" + param1PixelFormat + "'.");
        case null:
          return RGBA_8888;
        case null:
          return RGBA_4444;
        case null:
          break;
      } 
      return RGB_565;
    }
</source>
<source file="systems/BreakBottleNeckBadNews3/org/andengine/opengl/texture/bitmap/BitmapTextureFormat.java" startline="27" endline="41" pcid="502">
  public static BitmapTextureFormat fromPixelFormat(PixelFormat paramPixelFormat) {
    switch (paramPixelFormat) {
      default:
        throw new IllegalArgumentException("Unsupported " + PixelFormat.class.getName() + ": '" + paramPixelFormat + "'.");
      case null:
        return RGBA_8888;
      case null:
        return RGBA_4444;
      case null:
        return RGB_565;
      case null:
        break;
    } 
    return A_8;
  }
</source>
</class>

<class classid="7" nclones="6" nlines="10" similarity="88">
<source file="systems/BreakBottleNeckBadNews3/org/andengine/opengl/texture/atlas/bitmap/source/decorator/shape/RoundedRectangleBitmapTextureAtlasSourceDecoratorShape.java" startline="34" endline="43" pcid="273">
  public void onDecorateBitmap(Canvas paramCanvas, Paint paramPaint, BaseBitmapTextureAtlasSourceDecorator.TextureAtlasSourceDecoratorOptions paramTextureAtlasSourceDecoratorOptions) {
    float f1 = paramTextureAtlasSourceDecoratorOptions.getInsetLeft();
    float f2 = paramTextureAtlasSourceDecoratorOptions.getInsetTop();
    float f3 = paramCanvas.getWidth();
    float f4 = paramTextureAtlasSourceDecoratorOptions.getInsetRight();
    float f5 = paramCanvas.getHeight();
    float f6 = paramTextureAtlasSourceDecoratorOptions.getInsetBottom();
    this.mRectF.set(f1, f2, f3 - f4, f5 - f6);
    paramCanvas.drawRoundRect(this.mRectF, this.mCornerRadiusX, this.mCornerRadiusY, paramPaint);
  }
</source>
<source file="systems/BreakBottleNeckBadNews3/org/andengine/opengl/texture/atlas/bitmap/source/decorator/shape/EllipseBitmapTextureAtlasSourceDecoratorShape.java" startline="19" endline="28" pcid="279">
  public void onDecorateBitmap(Canvas paramCanvas, Paint paramPaint, BaseBitmapTextureAtlasSourceDecorator.TextureAtlasSourceDecoratorOptions paramTextureAtlasSourceDecoratorOptions) {
    float f1 = paramTextureAtlasSourceDecoratorOptions.getInsetLeft();
    float f2 = paramTextureAtlasSourceDecoratorOptions.getInsetTop();
    float f3 = paramCanvas.getWidth();
    float f4 = paramTextureAtlasSourceDecoratorOptions.getInsetRight();
    float f5 = paramCanvas.getHeight();
    float f6 = paramTextureAtlasSourceDecoratorOptions.getInsetBottom();
    this.mRectF.set(f1, f2, f3 - f4, f5 - f6);
    paramCanvas.drawOval(this.mRectF, paramPaint);
  }
</source>
<source file="systems/BreakBottleNeckBadNews3/org/andengine/opengl/texture/atlas/bitmap/source/decorator/shape/ArcBitmapTextureAtlasSourceDecoratorShape.java" startline="42" endline="51" pcid="283">
  public void onDecorateBitmap(Canvas paramCanvas, Paint paramPaint, BaseBitmapTextureAtlasSourceDecorator.TextureAtlasSourceDecoratorOptions paramTextureAtlasSourceDecoratorOptions) {
    float f1 = paramTextureAtlasSourceDecoratorOptions.getInsetLeft();
    float f2 = paramTextureAtlasSourceDecoratorOptions.getInsetTop();
    float f3 = paramCanvas.getWidth();
    float f4 = paramTextureAtlasSourceDecoratorOptions.getInsetRight();
    float f5 = paramCanvas.getHeight();
    float f6 = paramTextureAtlasSourceDecoratorOptions.getInsetBottom();
    this.mRectF.set(f1, f2, f3 - f4, f5 - f6);
    paramCanvas.drawArc(this.mRectF, this.mStartAngle, this.mSweepAngle, this.mUseCenter, paramPaint);
  }
</source>
<source file="systems/BreakBottleNeckBadNews3/sandwitch/ArcBitmapTextureAtlasSourceDecoratorShape.java" startline="42" endline="51" pcid="1129">
  public void onDecorateBitmap(Canvas paramCanvas, Paint paramPaint, BaseBitmapTextureAtlasSourceDecorator.TextureAtlasSourceDecoratorOptions paramTextureAtlasSourceDecoratorOptions) {
    float f1 = paramTextureAtlasSourceDecoratorOptions.getInsetLeft();
    float f2 = paramTextureAtlasSourceDecoratorOptions.getInsetTop();
    float f3 = paramCanvas.getWidth();
    float f4 = paramTextureAtlasSourceDecoratorOptions.getInsetRight();
    float f5 = paramCanvas.getHeight();
    float f6 = paramTextureAtlasSourceDecoratorOptions.getInsetBottom();
    this.mRectF.set(f1, f2, f3 - f4, f5 - f6);
    paramCanvas.drawArc(this.mRectF, this.mStartAngle, this.mSweepAngle, this.mUseCenter, paramPaint);
  }
</source>
<source file="systems/BreakBottleNeckBadNews3/sandwitch/RoundedRectangleBitmapTextureAtlasSourceDecoratorShape.java" startline="34" endline="43" pcid="1030">
  public void onDecorateBitmap(Canvas paramCanvas, Paint paramPaint, BaseBitmapTextureAtlasSourceDecorator.TextureAtlasSourceDecoratorOptions paramTextureAtlasSourceDecoratorOptions) {
    float f1 = paramTextureAtlasSourceDecoratorOptions.getInsetLeft();
    float f2 = paramTextureAtlasSourceDecoratorOptions.getInsetTop();
    float f3 = paramCanvas.getWidth();
    float f4 = paramTextureAtlasSourceDecoratorOptions.getInsetRight();
    float f5 = paramCanvas.getHeight();
    float f6 = paramTextureAtlasSourceDecoratorOptions.getInsetBottom();
    this.mRectF.set(f1, f2, f3 - f4, f5 - f6);
    paramCanvas.drawRoundRect(this.mRectF, this.mCornerRadiusX, this.mCornerRadiusY, paramPaint);
  }
</source>
<source file="systems/BreakBottleNeckBadNews3/sandwitch/EllipseBitmapTextureAtlasSourceDecoratorShape.java" startline="19" endline="28" pcid="1091">
  public void onDecorateBitmap(Canvas paramCanvas, Paint paramPaint, BaseBitmapTextureAtlasSourceDecorator.TextureAtlasSourceDecoratorOptions paramTextureAtlasSourceDecoratorOptions) {
    float f1 = paramTextureAtlasSourceDecoratorOptions.getInsetLeft();
    float f2 = paramTextureAtlasSourceDecoratorOptions.getInsetTop();
    float f3 = paramCanvas.getWidth();
    float f4 = paramTextureAtlasSourceDecoratorOptions.getInsetRight();
    float f5 = paramCanvas.getHeight();
    float f6 = paramTextureAtlasSourceDecoratorOptions.getInsetBottom();
    this.mRectF.set(f1, f2, f3 - f4, f5 - f6);
    paramCanvas.drawOval(this.mRectF, paramPaint);
  }
</source>
</class>

<class classid="8" nclones="8" nlines="25" similarity="78">
<source file="systems/BreakBottleNeckBadNews3/org/andengine/opengl/util/GLHelper.java" startline="25" endline="49" pcid="660">
  public static short[] convertARGB_8888toRGBA_4444(int[] paramArrayOfint, ByteOrder paramByteOrder) {
    short[] arrayOfShort = new short[paramArrayOfint.length];
    if (paramByteOrder == ByteOrder.LITTLE_ENDIAN) {
      int j = paramArrayOfint.length - 1;
      while (true) {
        if (j >= 0) {
          int k = paramArrayOfint[j];
          arrayOfShort[j] = (short)(short)(k >> 16 & 0xF0 | k >> 12 & 0xF | k << 8 & 0xF000 | k >> 20 & 0xF00);
          j--;
          continue;
        } 
        return arrayOfShort;
      } 
    } 
    int i = paramArrayOfint.length - 1;
    while (true) {
      if (i >= 0) {
        int j = paramArrayOfint[i];
        arrayOfShort[i] = (short)(short)(j >> 8 & 0xF000 | j >> 4 & 0xF00 | j & 0xF0 | j >> 28 & 0xF);
        i--;
        continue;
      } 
      return arrayOfShort;
    } 
  }
</source>
<source file="systems/BreakBottleNeckBadNews3/sandwitch/GLHelper.java" startline="25" endline="49" pcid="1076">
  public static short[] convertARGB_8888toRGBA_4444(int[] paramArrayOfint, ByteOrder paramByteOrder) {
    short[] arrayOfShort = new short[paramArrayOfint.length];
    if (paramByteOrder == ByteOrder.LITTLE_ENDIAN) {
      int j = paramArrayOfint.length - 1;
      while (true) {
        if (j >= 0) {
          int k = paramArrayOfint[j];
          arrayOfShort[j] = (short)(short)(k >> 16 & 0xF0 | k >> 12 & 0xF | k << 8 & 0xF000 | k >> 20 & 0xF00);
          j--;
          continue;
        } 
        return arrayOfShort;
      } 
    } 
    int i = paramArrayOfint.length - 1;
    while (true) {
      if (i >= 0) {
        int j = paramArrayOfint[i];
        arrayOfShort[i] = (short)(short)(j >> 8 & 0xF000 | j >> 4 & 0xF00 | j & 0xF0 | j >> 28 & 0xF);
        i--;
        continue;
      } 
      return arrayOfShort;
    } 
  }
</source>
<source file="systems/BreakBottleNeckBadNews3/org/andengine/opengl/util/GLHelper.java" startline="84" endline="108" pcid="664">
  public static short[] convertARGB_8888toRGB_565(int[] paramArrayOfint, ByteOrder paramByteOrder) {
    short[] arrayOfShort = new short[paramArrayOfint.length];
    if (paramByteOrder == ByteOrder.LITTLE_ENDIAN) {
      int j = paramArrayOfint.length - 1;
      while (true) {
        if (j >= 0) {
          int k = paramArrayOfint[j];
          arrayOfShort[j] = (short)(short)(k >> 16 & 0xF8 | k >> 13 & 0x7 | k << 3 & 0xE000 | k << 5 & 0x1F00);
          j--;
          continue;
        } 
        return arrayOfShort;
      } 
    } 
    int i = paramArrayOfint.length - 1;
    while (true) {
      if (i >= 0) {
        int j = paramArrayOfint[i];
        arrayOfShort[i] = (short)(short)(j >> 8 & 0xF800 | j >> 5 & 0x7E0 | j >> 3 & 0x1F);
        i--;
        continue;
      } 
      return arrayOfShort;
    } 
  }
</source>
<source file="systems/BreakBottleNeckBadNews3/org/andengine/opengl/util/GLHelper.java" startline="114" endline="137" pcid="666">
  public static int[] convertRGBA_8888toARGB_8888(int[] paramArrayOfint, ByteOrder paramByteOrder) {
    if (paramByteOrder == ByteOrder.LITTLE_ENDIAN) {
      int j = paramArrayOfint.length - 1;
      while (true) {
        if (j >= 0) {
          int k = paramArrayOfint[j];
          paramArrayOfint[j] = 0xFF00FF00 & k | k << 16 & 0xFF0000 | k >> 16 & 0xFF;
          j--;
          continue;
        } 
        return paramArrayOfint;
      } 
    } 
    int i = paramArrayOfint.length - 1;
    while (true) {
      if (i >= 0) {
        int j = paramArrayOfint[i];
        paramArrayOfint[i] = j >> 8 & 0xFFFFFF | j << 24 & 0xFF000000;
        i--;
        continue;
      } 
      return paramArrayOfint;
    } 
  }
</source>
<source file="systems/BreakBottleNeckBadNews3/sandwitch/GLHelper.java" startline="55" endline="78" pcid="1078">
  public static int[] convertARGB_8888toRGBA_8888(int[] paramArrayOfint, ByteOrder paramByteOrder) {
    if (paramByteOrder == ByteOrder.LITTLE_ENDIAN) {
      int j = paramArrayOfint.length - 1;
      while (true) {
        if (j >= 0) {
          int k = paramArrayOfint[j];
          paramArrayOfint[j] = 0xFF00FF00 & k | k << 16 & 0xFF0000 | k >> 16 & 0xFF;
          j--;
          continue;
        } 
        return paramArrayOfint;
      } 
    } 
    int i = paramArrayOfint.length - 1;
    while (true) {
      if (i >= 0) {
        int j = paramArrayOfint[i];
        paramArrayOfint[i] = j << 8 & 0xFFFFFF00 | j >> 24 & 0xFF;
        i--;
        continue;
      } 
      return paramArrayOfint;
    } 
  }
</source>
<source file="systems/BreakBottleNeckBadNews3/sandwitch/GLHelper.java" startline="114" endline="137" pcid="1082">
  public static int[] convertRGBA_8888toARGB_8888(int[] paramArrayOfint, ByteOrder paramByteOrder) {
    if (paramByteOrder == ByteOrder.LITTLE_ENDIAN) {
      int j = paramArrayOfint.length - 1;
      while (true) {
        if (j >= 0) {
          int k = paramArrayOfint[j];
          paramArrayOfint[j] = 0xFF00FF00 & k | k << 16 & 0xFF0000 | k >> 16 & 0xFF;
          j--;
          continue;
        } 
        return paramArrayOfint;
      } 
    } 
    int i = paramArrayOfint.length - 1;
    while (true) {
      if (i >= 0) {
        int j = paramArrayOfint[i];
        paramArrayOfint[i] = j >> 8 & 0xFFFFFF | j << 24 & 0xFF000000;
        i--;
        continue;
      } 
      return paramArrayOfint;
    } 
  }
</source>
<source file="systems/BreakBottleNeckBadNews3/sandwitch/GLHelper.java" startline="84" endline="108" pcid="1080">
  public static short[] convertARGB_8888toRGB_565(int[] paramArrayOfint, ByteOrder paramByteOrder) {
    short[] arrayOfShort = new short[paramArrayOfint.length];
    if (paramByteOrder == ByteOrder.LITTLE_ENDIAN) {
      int j = paramArrayOfint.length - 1;
      while (true) {
        if (j >= 0) {
          int k = paramArrayOfint[j];
          arrayOfShort[j] = (short)(short)(k >> 16 & 0xF8 | k >> 13 & 0x7 | k << 3 & 0xE000 | k << 5 & 0x1F00);
          j--;
          continue;
        } 
        return arrayOfShort;
      } 
    } 
    int i = paramArrayOfint.length - 1;
    while (true) {
      if (i >= 0) {
        int j = paramArrayOfint[i];
        arrayOfShort[i] = (short)(short)(j >> 8 & 0xF800 | j >> 5 & 0x7E0 | j >> 3 & 0x1F);
        i--;
        continue;
      } 
      return arrayOfShort;
    } 
  }
</source>
<source file="systems/BreakBottleNeckBadNews3/org/andengine/opengl/util/GLHelper.java" startline="55" endline="78" pcid="662">
  public static int[] convertARGB_8888toRGBA_8888(int[] paramArrayOfint, ByteOrder paramByteOrder) {
    if (paramByteOrder == ByteOrder.LITTLE_ENDIAN) {
      int j = paramArrayOfint.length - 1;
      while (true) {
        if (j >= 0) {
          int k = paramArrayOfint[j];
          paramArrayOfint[j] = 0xFF00FF00 & k | k << 16 & 0xFF0000 | k >> 16 & 0xFF;
          j--;
          continue;
        } 
        return paramArrayOfint;
      } 
    } 
    int i = paramArrayOfint.length - 1;
    while (true) {
      if (i >= 0) {
        int j = paramArrayOfint[i];
        paramArrayOfint[i] = j << 8 & 0xFFFFFF00 | j >> 24 & 0xFF;
        i--;
        continue;
      } 
      return paramArrayOfint;
    } 
  }
</source>
</class>

<class classid="9" nclones="2" nlines="35" similarity="100">
<source file="systems/BreakBottleNeckBadNews3/org/andengine/opengl/util/GLHelper.java" startline="143" endline="177" pcid="668">
  public static int[] convertRGBA_8888toARGB_8888_FlippedVertical(int[] paramArrayOfint, int paramInt1, int paramInt2, ByteOrder paramByteOrder) {
    int[] arrayOfInt = new int[paramInt1 * paramInt2];
    if (paramByteOrder == ByteOrder.LITTLE_ENDIAN) {
      byte b1 = 0;
      label24: while (true) {
        if (b1 < paramInt2) {
          for (byte b2 = 0;; b2++) {
            if (b2 >= paramInt1) {
              b1++;
              continue label24;
            } 
            int i = paramArrayOfint[b1 * paramInt1 + b2];
            arrayOfInt[(paramInt2 - b1 - 1) * paramInt1 + b2] = 0xFF00FF00 & i | i << 16 & 0xFF0000 | i >> 16 & 0xFF;
          } 
          break;
        } 
        return arrayOfInt;
      } 
    } 
    byte b = 0;
    label25: while (true) {
      if (b < paramInt2) {
        for (byte b1 = 0;; b1++) {
          if (b1 >= paramInt1) {
            b++;
            continue label25;
          } 
          int i = paramArrayOfint[b * paramInt1 + b1];
          arrayOfInt[(paramInt2 - b - 1) * paramInt1 + b1] = i >> 8 & 0xFFFFFF | i << 24 & 0xFF000000;
        } 
        break;
      } 
      return arrayOfInt;
    } 
  }
</source>
<source file="systems/BreakBottleNeckBadNews3/sandwitch/GLHelper.java" startline="143" endline="177" pcid="1084">
  public static int[] convertRGBA_8888toARGB_8888_FlippedVertical(int[] paramArrayOfint, int paramInt1, int paramInt2, ByteOrder paramByteOrder) {
    int[] arrayOfInt = new int[paramInt1 * paramInt2];
    if (paramByteOrder == ByteOrder.LITTLE_ENDIAN) {
      byte b1 = 0;
      label24: while (true) {
        if (b1 < paramInt2) {
          for (byte b2 = 0;; b2++) {
            if (b2 >= paramInt1) {
              b1++;
              continue label24;
            } 
            int i = paramArrayOfint[b1 * paramInt1 + b2];
            arrayOfInt[(paramInt2 - b1 - 1) * paramInt1 + b2] = 0xFF00FF00 & i | i << 16 & 0xFF0000 | i >> 16 & 0xFF;
          } 
          break;
        } 
        return arrayOfInt;
      } 
    } 
    byte b = 0;
    label25: while (true) {
      if (b < paramInt2) {
        for (byte b1 = 0;; b1++) {
          if (b1 >= paramInt1) {
            b++;
            continue label25;
          } 
          int i = paramArrayOfint[b * paramInt1 + b1];
          arrayOfInt[(paramInt2 - b - 1) * paramInt1 + b1] = i >> 8 & 0xFFFFFF | i << 24 & 0xFF000000;
        } 
        break;
      } 
      return arrayOfInt;
    } 
  }
</source>
</class>

<class classid="10" nclones="2" nlines="23" similarity="100">
<source file="systems/BreakBottleNeckBadNews3/org/andengine/opengl/util/GLHelper.java" startline="183" endline="204" pcid="670">
  public static Buffer getPixels(Bitmap paramBitmap, PixelFormat paramPixelFormat, ByteOrder paramByteOrder) {
    ByteOrder byteOrder;
    int[] arrayOfInt = getPixelsARGB_8888(paramBitmap);
    switch (paramPixelFormat) {
      default:
        throw new IllegalArgumentException("Unexpected " + PixelFormat.class.getSimpleName() + ": '" + paramPixelFormat + "'.");
      case null:
        return ShortBuffer.wrap(convertARGB_8888toRGB_565(arrayOfInt, paramByteOrder));
      case null:
        if (paramByteOrder == ByteOrder.LITTLE_ENDIAN) {
          byteOrder = ByteOrder.BIG_ENDIAN;
        } else {
          byteOrder = ByteOrder.LITTLE_ENDIAN;
        } 
        return IntBuffer.wrap(convertARGB_8888toRGBA_8888(arrayOfInt, byteOrder));
      case null:
        return ShortBuffer.wrap(convertARGB_8888toRGBA_4444(arrayOfInt, paramByteOrder));
      case null:
        break;
    } 
    return ByteBuffer.wrap(convertARGB_8888toA_8(arrayOfInt));
  }
</source>
<source file="systems/BreakBottleNeckBadNews3/sandwitch/GLHelper.java" startline="183" endline="204" pcid="1086">
  public static Buffer getPixels(Bitmap paramBitmap, PixelFormat paramPixelFormat, ByteOrder paramByteOrder) {
    ByteOrder byteOrder;
    int[] arrayOfInt = getPixelsARGB_8888(paramBitmap);
    switch (paramPixelFormat) {
      default:
        throw new IllegalArgumentException("Unexpected " + PixelFormat.class.getSimpleName() + ": '" + paramPixelFormat + "'.");
      case null:
        return ShortBuffer.wrap(convertARGB_8888toRGB_565(arrayOfInt, paramByteOrder));
      case null:
        if (paramByteOrder == ByteOrder.LITTLE_ENDIAN) {
          byteOrder = ByteOrder.BIG_ENDIAN;
        } else {
          byteOrder = ByteOrder.LITTLE_ENDIAN;
        } 
        return IntBuffer.wrap(convertARGB_8888toRGBA_8888(arrayOfInt, byteOrder));
      case null:
        return ShortBuffer.wrap(convertARGB_8888toRGBA_4444(arrayOfInt, paramByteOrder));
      case null:
        break;
    } 
    return ByteBuffer.wrap(convertARGB_8888toA_8(arrayOfInt));
  }
</source>
</class>

<class classid="11" nclones="6" nlines="15" similarity="75">
<source file="systems/BreakBottleNeckBadNews3/org/andengine/opengl/util/criteria/LogicalOrGLCriteria.java" startline="12" endline="26" pcid="688">
  public boolean isMet(GLState paramGLState) {
    boolean bool = false;
    IGLCriteria[] arrayOfIGLCriteria = this.mGLCriterias;
    int i = arrayOfIGLCriteria.length;
    byte b = 0;
    while (true) {
      if (b < i) {
        if (arrayOfIGLCriteria[b].isMet(paramGLState))
          return true; 
        b++;
        continue;
      } 
      return bool;
    } 
  }
</source>
<source file="systems/BreakBottleNeckBadNews3/sandwitch/LogicalAndGLCriteria.java" startline="12" endline="27" pcid="1089">
  public boolean isMet(GLState paramGLState) {
    boolean bool = false;
    IGLCriteria[] arrayOfIGLCriteria = this.mGLCriterias;
    int i = arrayOfIGLCriteria.length;
    byte b = 0;
    while (true) {
      if (b >= i)
        return true; 
      boolean bool1 = bool;
      if (arrayOfIGLCriteria[b].isMet(paramGLState)) {
        b++;
        continue;
      } 
      return bool1;
    } 
  }
</source>
<source file="systems/BreakBottleNeckBadNews3/sandwitch/LogicalOrGLCriteria.java" startline="12" endline="26" pcid="1032">
  public boolean isMet(GLState paramGLState) {
    boolean bool = false;
    IGLCriteria[] arrayOfIGLCriteria = this.mGLCriterias;
    int i = arrayOfIGLCriteria.length;
    byte b = 0;
    while (true) {
      if (b < i) {
        if (arrayOfIGLCriteria[b].isMet(paramGLState))
          return true; 
        b++;
        continue;
      } 
      return bool;
    } 
  }
</source>
<source file="systems/BreakBottleNeckBadNews3/org/andengine/opengl/util/criteria/LogicalAndGLCriteria.java" startline="12" endline="27" pcid="698">
  public boolean isMet(GLState paramGLState) {
    boolean bool = false;
    IGLCriteria[] arrayOfIGLCriteria = this.mGLCriterias;
    int i = arrayOfIGLCriteria.length;
    byte b = 0;
    while (true) {
      if (b >= i)
        return true; 
      boolean bool1 = bool;
      if (arrayOfIGLCriteria[b].isMet(paramGLState)) {
        b++;
        continue;
      } 
      return bool1;
    } 
  }
</source>
<source file="systems/BreakBottleNeckBadNews3/org/andengine/opengl/shader/source/CriteriaShaderSource.java" startline="42" endline="60" pcid="854">
    public boolean isMet(GLState param1GLState) {
      boolean bool = false;
      if (this.mGLCriterias != null) {
        IGLCriteria[] arrayOfIGLCriteria = this.mGLCriterias;
        int i = arrayOfIGLCriteria.length;
        byte b = 0;
        while (true) {
          if (b >= i)
            return true; 
          boolean bool1 = bool;
          if (arrayOfIGLCriteria[b].isMet(param1GLState)) {
            b++;
            continue;
          } 
          return bool1;
        } 
      } 
      return true;
    }
</source>
<source file="systems/BreakBottleNeckBadNews3/sandwitch/CriteriaShaderSource.java" startline="42" endline="60" pcid="1097">
    public boolean isMet(GLState param1GLState) {
      boolean bool = false;
      if (this.mGLCriterias != null) {
        IGLCriteria[] arrayOfIGLCriteria = this.mGLCriterias;
        int i = arrayOfIGLCriteria.length;
        byte b = 0;
        while (true) {
          if (b >= i)
            return true; 
          boolean bool1 = bool;
          if (arrayOfIGLCriteria[b].isMet(param1GLState)) {
            b++;
            continue;
          } 
          return bool1;
        } 
      } 
      return true;
    }
</source>
</class>

<class classid="12" nclones="4" nlines="44" similarity="97">
<source file="systems/BreakBottleNeckBadNews3/org/andengine/opengl/shader/ShaderProgram.java" startline="69" endline="115" pcid="897">
  private void initAttributeLocations() {
    this.mAttributeLocations.clear();
    PARAMETERS_CONTAINER[0] = 0;
    GLES20.glGetProgramiv(this.mProgramID, 35721, PARAMETERS_CONTAINER, 0);
    int i = PARAMETERS_CONTAINER[0];
    byte b = 0;
    while (true) {
      if (b >= i)
        return; 
      GLES20.glGetActiveAttrib(this.mProgramID, b, 64, LENGTH_CONTAINER, 0, SIZE_CONTAINER, 0, TYPE_CONTAINER, 0, NAME_CONTAINER, 0);
      int j = LENGTH_CONTAINER[0];
      int k = j;
      if (j == 0) {
        String str;
        while (true) {
          k = j;
          if (j < 64)
            if (NAME_CONTAINER[j] == 0) {
              k = j;
            } else {
              j++;
              continue;
            }  
          str = new String(NAME_CONTAINER, 0, k);
          k = GLES20.glGetAttribLocation(this.mProgramID, str);
          j = k;
          if (k == -1)
            for (j = 0;; j++) {
              if (j >= 64 || NAME_CONTAINER[j] == 0) {
                String str1 = new String(NAME_CONTAINER, 0, j);
                k = GLES20.glGetAttribLocation(this.mProgramID, str1);
                j = k;
                str = str1;
                if (k == -1)
                  throw new ShaderProgramLinkException("Invalid location for attribute: '" + str1 + "'."); 
                break;
              } 
            }  
          break;
        } 
        this.mAttributeLocations.put(str, Integer.valueOf(j));
        b++;
        continue;
      } 
      continue;
    } 
  }
</source>
<source file="systems/BreakBottleNeckBadNews3/sandwitch/ShaderProgram.java" startline="69" endline="115" pcid="1101">
  private void initAttributeLocations() {
    this.mAttributeLocations.clear();
    PARAMETERS_CONTAINER[0] = 0;
    GLES20.glGetProgramiv(this.mProgramID, 35721, PARAMETERS_CONTAINER, 0);
    int i = PARAMETERS_CONTAINER[0];
    byte b = 0;
    while (true) {
      if (b >= i)
        return; 
      GLES20.glGetActiveAttrib(this.mProgramID, b, 64, LENGTH_CONTAINER, 0, SIZE_CONTAINER, 0, TYPE_CONTAINER, 0, NAME_CONTAINER, 0);
      int j = LENGTH_CONTAINER[0];
      int k = j;
      if (j == 0) {
        String str;
        while (true) {
          k = j;
          if (j < 64)
            if (NAME_CONTAINER[j] == 0) {
              k = j;
            } else {
              j++;
              continue;
            }  
          str = new String(NAME_CONTAINER, 0, k);
          k = GLES20.glGetAttribLocation(this.mProgramID, str);
          j = k;
          if (k == -1)
            for (j = 0;; j++) {
              if (j >= 64 || NAME_CONTAINER[j] == 0) {
                String str1 = new String(NAME_CONTAINER, 0, j);
                k = GLES20.glGetAttribLocation(this.mProgramID, str1);
                j = k;
                str = str1;
                if (k == -1)
                  throw new ShaderProgramLinkException("Invalid location for attribute: '" + str1 + "'."); 
                break;
              } 
            }  
          break;
        } 
        this.mAttributeLocations.put(str, Integer.valueOf(j));
        b++;
        continue;
      } 
      continue;
    } 
  }
</source>
<source file="systems/BreakBottleNeckBadNews3/sandwitch/ShaderProgram.java" startline="117" endline="163" pcid="1102">
  private void initUniformLocations() throws ShaderProgramLinkException {
    this.mUniformLocations.clear();
    PARAMETERS_CONTAINER[0] = 0;
    GLES20.glGetProgramiv(this.mProgramID, 35718, PARAMETERS_CONTAINER, 0);
    int i = PARAMETERS_CONTAINER[0];
    byte b = 0;
    while (true) {
      if (b >= i)
        return; 
      GLES20.glGetActiveUniform(this.mProgramID, b, 64, LENGTH_CONTAINER, 0, SIZE_CONTAINER, 0, TYPE_CONTAINER, 0, NAME_CONTAINER, 0);
      int j = LENGTH_CONTAINER[0];
      int k = j;
      if (j == 0) {
        String str;
        while (true) {
          k = j;
          if (j < 64)
            if (NAME_CONTAINER[j] == 0) {
              k = j;
            } else {
              j++;
              continue;
            }  
          str = new String(NAME_CONTAINER, 0, k);
          k = GLES20.glGetUniformLocation(this.mProgramID, str);
          j = k;
          if (k == -1)
            for (j = 0;; j++) {
              if (j >= 64 || NAME_CONTAINER[j] == 0) {
                String str1 = new String(NAME_CONTAINER, 0, j);
                k = GLES20.glGetUniformLocation(this.mProgramID, str1);
                j = k;
                str = str1;
                if (k == -1)
                  throw new ShaderProgramLinkException("Invalid location for uniform: '" + str1 + "'."); 
                break;
              } 
            }  
          break;
        } 
        this.mUniformLocations.put(str, Integer.valueOf(j));
        b++;
        continue;
      } 
      continue;
    } 
  }
</source>
<source file="systems/BreakBottleNeckBadNews3/org/andengine/opengl/shader/ShaderProgram.java" startline="117" endline="163" pcid="898">
  private void initUniformLocations() throws ShaderProgramLinkException {
    this.mUniformLocations.clear();
    PARAMETERS_CONTAINER[0] = 0;
    GLES20.glGetProgramiv(this.mProgramID, 35718, PARAMETERS_CONTAINER, 0);
    int i = PARAMETERS_CONTAINER[0];
    byte b = 0;
    while (true) {
      if (b >= i)
        return; 
      GLES20.glGetActiveUniform(this.mProgramID, b, 64, LENGTH_CONTAINER, 0, SIZE_CONTAINER, 0, TYPE_CONTAINER, 0, NAME_CONTAINER, 0);
      int j = LENGTH_CONTAINER[0];
      int k = j;
      if (j == 0) {
        String str;
        while (true) {
          k = j;
          if (j < 64)
            if (NAME_CONTAINER[j] == 0) {
              k = j;
            } else {
              j++;
              continue;
            }  
          str = new String(NAME_CONTAINER, 0, k);
          k = GLES20.glGetUniformLocation(this.mProgramID, str);
          j = k;
          if (k == -1)
            for (j = 0;; j++) {
              if (j >= 64 || NAME_CONTAINER[j] == 0) {
                String str1 = new String(NAME_CONTAINER, 0, j);
                k = GLES20.glGetUniformLocation(this.mProgramID, str1);
                j = k;
                str = str1;
                if (k == -1)
                  throw new ShaderProgramLinkException("Invalid location for uniform: '" + str1 + "'."); 
                break;
              } 
            }  
          break;
        } 
        this.mUniformLocations.put(str, Integer.valueOf(j));
        b++;
        continue;
      } 
      continue;
    } 
  }
</source>
</class>

<class classid="13" nclones="2" nlines="17" similarity="100">
<source file="systems/BreakBottleNeckBadNews3/org/andengine/opengl/shader/ShaderProgram.java" startline="172" endline="188" pcid="900">
  protected void compile(GLState paramGLState) throws ShaderProgramException {
    String str1 = this.mVertexShaderSource.getShaderSource(paramGLState);
    int i = compileShader(str1, 35633);
    String str2 = this.mFragmentShaderSource.getShaderSource(paramGLState);
    int j = compileShader(str2, 35632);
    this.mProgramID = GLES20.glCreateProgram();
    GLES20.glAttachShader(this.mProgramID, i);
    GLES20.glAttachShader(this.mProgramID, j);
    try {
      link(paramGLState);
      GLES20.glDeleteShader(i);
      GLES20.glDeleteShader(j);
      return;
    } catch (ShaderProgramLinkException shaderProgramLinkException) {
      throw new ShaderProgramLinkException("VertexShaderSource:\n##########################\n" + str1 + "\n##########################" + "\n\nFragmentShaderSource:\n##########################\n" + str2 + "\n##########################", shaderProgramLinkException);
    } 
  }
</source>
<source file="systems/BreakBottleNeckBadNews3/sandwitch/ShaderProgram.java" startline="172" endline="188" pcid="1104">
  protected void compile(GLState paramGLState) throws ShaderProgramException {
    String str1 = this.mVertexShaderSource.getShaderSource(paramGLState);
    int i = compileShader(str1, 35633);
    String str2 = this.mFragmentShaderSource.getShaderSource(paramGLState);
    int j = compileShader(str2, 35632);
    this.mProgramID = GLES20.glCreateProgram();
    GLES20.glAttachShader(this.mProgramID, i);
    GLES20.glAttachShader(this.mProgramID, j);
    try {
      link(paramGLState);
      GLES20.glDeleteShader(i);
      GLES20.glDeleteShader(j);
      return;
    } catch (ShaderProgramLinkException shaderProgramLinkException) {
      throw new ShaderProgramLinkException("VertexShaderSource:\n##########################\n" + str1 + "\n##########################" + "\n\nFragmentShaderSource:\n##########################\n" + str2 + "\n##########################", shaderProgramLinkException);
    } 
  }
</source>
</class>

<class classid="14" nclones="2" nlines="28" similarity="100">
<source file="systems/BreakBottleNeckBadNews3/guys Race/ICustomTabsCallback.java" startline="219" endline="244" pcid="1155">
      public void onRelationshipValidationResult(int param2Int, Uri param2Uri, boolean param2Boolean, Bundle param2Bundle) throws RemoteException {
        Parcel parcel1 = Parcel.obtain();
        Parcel parcel2 = Parcel.obtain();
        try {
          parcel1.writeInterfaceToken("android.support.customtabs.ICustomTabsCallback");
        } finally {
          parcel2.recycle();
          parcel1.recycle();
        } 
        if (param2Boolean) {
          param2Int = 1;
        } else {
          param2Int = 0;
        } 
        parcel1.writeInt(param2Int);
        if (param2Bundle != null) {
          parcel1.writeInt(1);
          param2Bundle.writeToParcel(parcel1, 0);
        } else {
          parcel1.writeInt(0);
        } 
        this.mRemote.transact(6, parcel1, parcel2, 0);
        parcel2.readException();
        parcel2.recycle();
        parcel1.recycle();
      }
</source>
<source file="systems/BreakBottleNeckBadNews3/guys Race/ICustomTabsCallback.java" startline="346" endline="371" pcid="1163">
    public void onRelationshipValidationResult(int param1Int, Uri param1Uri, boolean param1Boolean, Bundle param1Bundle) throws RemoteException {
      Parcel parcel1 = Parcel.obtain();
      Parcel parcel2 = Parcel.obtain();
      try {
        parcel1.writeInterfaceToken("android.support.customtabs.ICustomTabsCallback");
      } finally {
        parcel2.recycle();
        parcel1.recycle();
      } 
      if (param1Boolean) {
        param1Int = 1;
      } else {
        param1Int = 0;
      } 
      parcel1.writeInt(param1Int);
      if (param1Bundle != null) {
        parcel1.writeInt(1);
        param1Bundle.writeToParcel(parcel1, 0);
      } else {
        parcel1.writeInt(0);
      } 
      this.mRemote.transact(6, parcel1, parcel2, 0);
      parcel2.readException();
      parcel2.recycle();
      parcel1.recycle();
    }
</source>
</class>

<class classid="15" nclones="4" nlines="21" similarity="70">
<source file="systems/BreakBottleNeckBadNews3/guys Race/ICustomTabsService.java" startline="145" endline="168" pcid="1173">
      public boolean newSession(ICustomTabsCallback param2ICustomTabsCallback) throws RemoteException {
        Parcel parcel1 = Parcel.obtain();
        Parcel parcel2 = Parcel.obtain();
        try {
          parcel1.writeInterfaceToken("android.support.customtabs.ICustomTabsService");
          if (param2ICustomTabsCallback != null) {
            IBinder iBinder1 = param2ICustomTabsCallback.asBinder();
          } else {
            param2ICustomTabsCallback = null;
          } 
          parcel1.writeStrongBinder((IBinder)param2ICustomTabsCallback);
          IBinder iBinder = this.mRemote;
          boolean bool = false;
          iBinder.transact(3, parcel1, parcel2, 0);
          parcel2.readException();
          int i = parcel2.readInt();
          if (i != 0)
            bool = true; 
          return bool;
        } finally {
          parcel2.recycle();
          parcel1.recycle();
        } 
      }
</source>
<source file="systems/BreakBottleNeckBadNews3/guys Race/ICustomTabsService.java" startline="543" endline="561" pcid="1189">
    public boolean warmup(long param1Long) throws RemoteException {
      Parcel parcel1 = Parcel.obtain();
      Parcel parcel2 = Parcel.obtain();
      try {
        parcel1.writeInterfaceToken("android.support.customtabs.ICustomTabsService");
        parcel1.writeLong(param1Long);
        IBinder iBinder = this.mRemote;
        boolean bool = false;
        iBinder.transact(2, parcel1, parcel2, 0);
        parcel2.readException();
        int i = parcel2.readInt();
        if (i != 0)
          bool = true; 
        return bool;
      } finally {
        parcel2.recycle();
        parcel1.recycle();
      } 
    }
</source>
<source file="systems/BreakBottleNeckBadNews3/guys Race/ICustomTabsService.java" startline="294" endline="312" pcid="1178">
      public boolean warmup(long param2Long) throws RemoteException {
        Parcel parcel1 = Parcel.obtain();
        Parcel parcel2 = Parcel.obtain();
        try {
          parcel1.writeInterfaceToken("android.support.customtabs.ICustomTabsService");
          parcel1.writeLong(param2Long);
          IBinder iBinder = this.mRemote;
          boolean bool = false;
          iBinder.transact(2, parcel1, parcel2, 0);
          parcel2.readException();
          int i = parcel2.readInt();
          if (i != 0)
            bool = true; 
          return bool;
        } finally {
          parcel2.recycle();
          parcel1.recycle();
        } 
      }
</source>
<source file="systems/BreakBottleNeckBadNews3/guys Race/ICustomTabsService.java" startline="394" endline="417" pcid="1184">
    public boolean newSession(ICustomTabsCallback param1ICustomTabsCallback) throws RemoteException {
      Parcel parcel1 = Parcel.obtain();
      Parcel parcel2 = Parcel.obtain();
      try {
        parcel1.writeInterfaceToken("android.support.customtabs.ICustomTabsService");
        if (param1ICustomTabsCallback != null) {
          IBinder iBinder1 = param1ICustomTabsCallback.asBinder();
        } else {
          param1ICustomTabsCallback = null;
        } 
        parcel1.writeStrongBinder((IBinder)param1ICustomTabsCallback);
        IBinder iBinder = this.mRemote;
        boolean bool = false;
        iBinder.transact(3, parcel1, parcel2, 0);
        parcel2.readException();
        int i = parcel2.readInt();
        if (i != 0)
          bool = true; 
        return bool;
      } finally {
        parcel2.recycle();
        parcel1.recycle();
      } 
    }
</source>
</class>

</clones>
