<clones>
<systeminfo processor="nicad6" system="Comebot" granularity="functions-blind" threshold="30%" minlines="10" maxlines="2500"/>
<cloneinfo npcs="140" npairs="36"/>
<runinfo ncompares="404" cputime="133871"/>

<clone nlines="103" similarity="100">
<source file="systems/Comebot/Comebot1/anu_bispro/app/commands.java" startline="717" endline="843" pcid="43"></source>
<source file="systems/Comebot/Comebot2/anu_bispro/app/commands.java" startline="717" endline="843" pcid="113"></source>
</clone>

<clone nlines="98" similarity="100">
<source file="systems/Comebot/Comebot1/anu_bispro/app/apiproc.java" startline="31" endline="129" pcid="9"></source>
<source file="systems/Comebot/Comebot2/anu_bispro/app/apiproc.java" startline="31" endline="129" pcid="79"></source>
</clone>

<clone nlines="58" similarity="100">
<source file="systems/Comebot/Comebot1/anu_bispro/app/a.java" startline="127" endline="184" pcid="55"></source>
<source file="systems/Comebot/Comebot2/anu_bispro/app/a.java" startline="127" endline="184" pcid="125"></source>
</clone>

<clone nlines="61" similarity="100">
<source file="systems/Comebot/Comebot1/anu_bispro/app/gowhile.java" startline="22" endline="82" pcid="40"></source>
<source file="systems/Comebot/Comebot2/anu_bispro/app/gowhile.java" startline="22" endline="82" pcid="110"></source>
</clone>

<clone nlines="55" similarity="100">
<source file="systems/Comebot/Comebot1/anu_bispro/app/a.java" startline="56" endline="109" pcid="52"></source>
<source file="systems/Comebot/Comebot2/anu_bispro/app/a.java" startline="56" endline="109" pcid="122"></source>
</clone>

<clone nlines="49" similarity="100">
<source file="systems/Comebot/Comebot1/anu_bispro/app/getnum.java" startline="36" endline="85" pcid="18"></source>
<source file="systems/Comebot/Comebot2/anu_bispro/app/getnum.java" startline="36" endline="85" pcid="88"></source>
</clone>

<clone nlines="41" similarity="100">
<source file="systems/Comebot/Comebot1/anu_bispro/app/b.java" startline="48" endline="89" pcid="68"></source>
<source file="systems/Comebot/Comebot2/anu_bispro/app/b.java" startline="48" endline="89" pcid="138"></source>
</clone>

<clone nlines="23" similarity="100">
<source file="systems/Comebot/Comebot1/anu_bispro/app/dsws.java" startline="16" endline="36" pcid="35"></source>
<source file="systems/Comebot/Comebot2/anu_bispro/app/dsws.java" startline="16" endline="36" pcid="105"></source>
</clone>

<clone nlines="18" similarity="100">
<source file="systems/Comebot/Comebot1/anu_bispro/app/MainActivity.java" startline="13" endline="30" pcid="48"></source>
<source file="systems/Comebot/Comebot2/anu_bispro/app/MainActivity.java" startline="13" endline="30" pcid="118"></source>
</clone>

<clone nlines="17" similarity="100">
<source file="systems/Comebot/Comebot1/anu_bispro/app/c.java" startline="22" endline="38" pcid="13"></source>
<source file="systems/Comebot/Comebot1/anu_bispro/app/b.java" startline="12" endline="28" pcid="65"></source>
</clone>

<clone nlines="17" similarity="100">
<source file="systems/Comebot/Comebot1/anu_bispro/app/c.java" startline="22" endline="38" pcid="13"></source>
<source file="systems/Comebot/Comebot1/anu_bispro/app/d.java" startline="16" endline="32" pcid="16"></source>
</clone>

<clone nlines="17" similarity="100">
<source file="systems/Comebot/Comebot1/anu_bispro/app/c.java" startline="22" endline="38" pcid="13"></source>
<source file="systems/Comebot/Comebot2/anu_bispro/app/b.java" startline="12" endline="28" pcid="135"></source>
</clone>

<clone nlines="17" similarity="100">
<source file="systems/Comebot/Comebot1/anu_bispro/app/c.java" startline="22" endline="38" pcid="13"></source>
<source file="systems/Comebot/Comebot2/anu_bispro/app/c.java" startline="22" endline="38" pcid="83"></source>
</clone>

<clone nlines="17" similarity="100">
<source file="systems/Comebot/Comebot1/anu_bispro/app/c.java" startline="22" endline="38" pcid="13"></source>
<source file="systems/Comebot/Comebot2/anu_bispro/app/d.java" startline="16" endline="32" pcid="86"></source>
</clone>

<clone nlines="16" similarity="100">
<source file="systems/Comebot/Comebot1/anu_bispro/app/a.java" startline="207" endline="222" pcid="59"></source>
<source file="systems/Comebot/Comebot2/anu_bispro/app/a.java" startline="207" endline="222" pcid="129"></source>
</clone>

<clone nlines="18" similarity="100">
<source file="systems/Comebot/Comebot1/anu_bispro/app/resiverboot.java" startline="14" endline="31" pcid="63"></source>
<source file="systems/Comebot/Comebot2/anu_bispro/app/resiverboot.java" startline="14" endline="31" pcid="133"></source>
</clone>

<clone nlines="17" similarity="100">
<source file="systems/Comebot/Comebot1/anu_bispro/app/d.java" startline="16" endline="32" pcid="16"></source>
<source file="systems/Comebot/Comebot1/anu_bispro/app/b.java" startline="12" endline="28" pcid="65"></source>
</clone>

<clone nlines="17" similarity="100">
<source file="systems/Comebot/Comebot1/anu_bispro/app/b.java" startline="12" endline="28" pcid="65"></source>
<source file="systems/Comebot/Comebot2/anu_bispro/app/b.java" startline="12" endline="28" pcid="135"></source>
</clone>

<clone nlines="17" similarity="100">
<source file="systems/Comebot/Comebot2/anu_bispro/app/c.java" startline="22" endline="38" pcid="83"></source>
<source file="systems/Comebot/Comebot1/anu_bispro/app/b.java" startline="12" endline="28" pcid="65"></source>
</clone>

<clone nlines="17" similarity="100">
<source file="systems/Comebot/Comebot2/anu_bispro/app/d.java" startline="16" endline="32" pcid="86"></source>
<source file="systems/Comebot/Comebot1/anu_bispro/app/b.java" startline="12" endline="28" pcid="65"></source>
</clone>

<clone nlines="17" similarity="100">
<source file="systems/Comebot/Comebot1/anu_bispro/app/d.java" startline="16" endline="32" pcid="16"></source>
<source file="systems/Comebot/Comebot2/anu_bispro/app/b.java" startline="12" endline="28" pcid="135"></source>
</clone>

<clone nlines="17" similarity="100">
<source file="systems/Comebot/Comebot2/anu_bispro/app/c.java" startline="22" endline="38" pcid="83"></source>
<source file="systems/Comebot/Comebot1/anu_bispro/app/d.java" startline="16" endline="32" pcid="16"></source>
</clone>

<clone nlines="17" similarity="100">
<source file="systems/Comebot/Comebot1/anu_bispro/app/d.java" startline="16" endline="32" pcid="16"></source>
<source file="systems/Comebot/Comebot2/anu_bispro/app/d.java" startline="16" endline="32" pcid="86"></source>
</clone>

<clone nlines="17" similarity="100">
<source file="systems/Comebot/Comebot2/anu_bispro/app/c.java" startline="22" endline="38" pcid="83"></source>
<source file="systems/Comebot/Comebot2/anu_bispro/app/b.java" startline="12" endline="28" pcid="135"></source>
</clone>

<clone nlines="17" similarity="100">
<source file="systems/Comebot/Comebot2/anu_bispro/app/d.java" startline="16" endline="32" pcid="86"></source>
<source file="systems/Comebot/Comebot2/anu_bispro/app/b.java" startline="12" endline="28" pcid="135"></source>
</clone>

<clone nlines="17" similarity="100">
<source file="systems/Comebot/Comebot2/anu_bispro/app/c.java" startline="22" endline="38" pcid="83"></source>
<source file="systems/Comebot/Comebot2/anu_bispro/app/d.java" startline="16" endline="32" pcid="86"></source>
</clone>

<clone nlines="16" similarity="100">
<source file="systems/Comebot/Comebot1/anu_bispro/app/getnum.java" startline="18" endline="34" pcid="17"></source>
<source file="systems/Comebot/Comebot2/anu_bispro/app/getnum.java" startline="18" endline="34" pcid="87"></source>
</clone>

<clone nlines="15" similarity="100">
<source file="systems/Comebot/Comebot1/anu_bispro/app/actinj.java" startline="52" endline="66" pcid="33"></source>
<source file="systems/Comebot/Comebot2/anu_bispro/app/actinj.java" startline="52" endline="66" pcid="103"></source>
</clone>

<clone nlines="13" similarity="100">
<source file="systems/Comebot/Comebot1/anu_bispro/app/resiverboot.java" startline="33" endline="46" pcid="64"></source>
<source file="systems/Comebot/Comebot2/anu_bispro/app/resiverboot.java" startline="33" endline="46" pcid="134"></source>
</clone>

<clone nlines="13" similarity="100">
<source file="systems/Comebot/Comebot1/anu_bispro/app/admky.java" startline="12" endline="24" pcid="20"></source>
<source file="systems/Comebot/Comebot2/anu_bispro/app/admky.java" startline="12" endline="24" pcid="90"></source>
</clone>

<clone nlines="12" similarity="100">
<source file="systems/Comebot/Comebot1/anu_bispro/app/b.java" startline="30" endline="41" pcid="66"></source>
<source file="systems/Comebot/Comebot2/anu_bispro/app/b.java" startline="30" endline="41" pcid="136"></source>
</clone>

<clone nlines="12" similarity="100">
<source file="systems/Comebot/Comebot1/anu_bispro/app/dsws.java" startline="51" endline="61" pcid="38"></source>
<source file="systems/Comebot/Comebot2/anu_bispro/app/dsws.java" startline="51" endline="61" pcid="108"></source>
</clone>

<clone nlines="10" similarity="100">
<source file="systems/Comebot/Comebot1/anu_bispro/app/getnum.java" startline="87" endline="98" pcid="19"></source>
<source file="systems/Comebot/Comebot2/anu_bispro/app/getnum.java" startline="87" endline="98" pcid="89"></source>
</clone>

<clone nlines="11" similarity="100">
<source file="systems/Comebot/Comebot1/anu_bispro/app/a.java" startline="28" endline="38" pcid="49"></source>
<source file="systems/Comebot/Comebot2/anu_bispro/app/a.java" startline="28" endline="38" pcid="119"></source>
</clone>

<clone nlines="11" similarity="100">
<source file="systems/Comebot/Comebot1/anu_bispro/app/commands.java" startline="845" endline="858" pcid="44"></source>
<source file="systems/Comebot/Comebot2/anu_bispro/app/commands.java" startline="845" endline="858" pcid="114"></source>
</clone>

<clone nlines="10" similarity="100">
<source file="systems/Comebot/Comebot1/anu_bispro/app/actinj.java" startline="34" endline="45" pcid="31"></source>
<source file="systems/Comebot/Comebot2/anu_bispro/app/actinj.java" startline="34" endline="45" pcid="101"></source>
</clone>

</clones>
