<clones>
<systeminfo processor="nicad6" system="Comebot" granularity="functions-blind" threshold="30%" minlines="10" maxlines="2500"/>
<cloneinfo npcs="140" npairs="36"/>
<runinfo ncompares="404" cputime="133871"/>
<classinfo nclasses="22"/>

<class classid="1" nclones="2" nlines="98" similarity="100">
<source file="systems/Comebot/Comebot1/anu_bispro/app/apiproc.java" startline="31" endline="129" pcid="9"></source>
<source file="systems/Comebot/Comebot2/anu_bispro/app/apiproc.java" startline="31" endline="129" pcid="79"></source>
</class>

<class classid="2" nclones="6" nlines="17" similarity="100">
<source file="systems/Comebot/Comebot1/anu_bispro/app/c.java" startline="22" endline="38" pcid="13"></source>
<source file="systems/Comebot/Comebot1/anu_bispro/app/d.java" startline="16" endline="32" pcid="16"></source>
<source file="systems/Comebot/Comebot2/anu_bispro/app/d.java" startline="16" endline="32" pcid="86"></source>
<source file="systems/Comebot/Comebot2/anu_bispro/app/b.java" startline="12" endline="28" pcid="135"></source>
<source file="systems/Comebot/Comebot1/anu_bispro/app/b.java" startline="12" endline="28" pcid="65"></source>
<source file="systems/Comebot/Comebot2/anu_bispro/app/c.java" startline="22" endline="38" pcid="83"></source>
</class>

<class classid="3" nclones="2" nlines="16" similarity="100">
<source file="systems/Comebot/Comebot1/anu_bispro/app/getnum.java" startline="18" endline="34" pcid="17"></source>
<source file="systems/Comebot/Comebot2/anu_bispro/app/getnum.java" startline="18" endline="34" pcid="87"></source>
</class>

<class classid="4" nclones="2" nlines="49" similarity="100">
<source file="systems/Comebot/Comebot1/anu_bispro/app/getnum.java" startline="36" endline="85" pcid="18"></source>
<source file="systems/Comebot/Comebot2/anu_bispro/app/getnum.java" startline="36" endline="85" pcid="88"></source>
</class>

<class classid="5" nclones="2" nlines="10" similarity="100">
<source file="systems/Comebot/Comebot1/anu_bispro/app/getnum.java" startline="87" endline="98" pcid="19"></source>
<source file="systems/Comebot/Comebot2/anu_bispro/app/getnum.java" startline="87" endline="98" pcid="89"></source>
</class>

<class classid="6" nclones="2" nlines="13" similarity="100">
<source file="systems/Comebot/Comebot1/anu_bispro/app/admky.java" startline="12" endline="24" pcid="20"></source>
<source file="systems/Comebot/Comebot2/anu_bispro/app/admky.java" startline="12" endline="24" pcid="90"></source>
</class>

<class classid="7" nclones="2" nlines="10" similarity="100">
<source file="systems/Comebot/Comebot1/anu_bispro/app/actinj.java" startline="34" endline="45" pcid="31"></source>
<source file="systems/Comebot/Comebot2/anu_bispro/app/actinj.java" startline="34" endline="45" pcid="101"></source>
</class>

<class classid="8" nclones="2" nlines="15" similarity="100">
<source file="systems/Comebot/Comebot1/anu_bispro/app/actinj.java" startline="52" endline="66" pcid="33"></source>
<source file="systems/Comebot/Comebot2/anu_bispro/app/actinj.java" startline="52" endline="66" pcid="103"></source>
</class>

<class classid="9" nclones="2" nlines="23" similarity="100">
<source file="systems/Comebot/Comebot1/anu_bispro/app/dsws.java" startline="16" endline="36" pcid="35"></source>
<source file="systems/Comebot/Comebot2/anu_bispro/app/dsws.java" startline="16" endline="36" pcid="105"></source>
</class>

<class classid="10" nclones="2" nlines="12" similarity="100">
<source file="systems/Comebot/Comebot1/anu_bispro/app/dsws.java" startline="51" endline="61" pcid="38"></source>
<source file="systems/Comebot/Comebot2/anu_bispro/app/dsws.java" startline="51" endline="61" pcid="108"></source>
</class>

<class classid="11" nclones="2" nlines="61" similarity="100">
<source file="systems/Comebot/Comebot1/anu_bispro/app/gowhile.java" startline="22" endline="82" pcid="40"></source>
<source file="systems/Comebot/Comebot2/anu_bispro/app/gowhile.java" startline="22" endline="82" pcid="110"></source>
</class>

<class classid="12" nclones="2" nlines="103" similarity="100">
<source file="systems/Comebot/Comebot1/anu_bispro/app/commands.java" startline="717" endline="843" pcid="43"></source>
<source file="systems/Comebot/Comebot2/anu_bispro/app/commands.java" startline="717" endline="843" pcid="113"></source>
</class>

<class classid="13" nclones="2" nlines="11" similarity="100">
<source file="systems/Comebot/Comebot1/anu_bispro/app/commands.java" startline="845" endline="858" pcid="44"></source>
<source file="systems/Comebot/Comebot2/anu_bispro/app/commands.java" startline="845" endline="858" pcid="114"></source>
</class>

<class classid="14" nclones="2" nlines="18" similarity="100">
<source file="systems/Comebot/Comebot1/anu_bispro/app/MainActivity.java" startline="13" endline="30" pcid="48"></source>
<source file="systems/Comebot/Comebot2/anu_bispro/app/MainActivity.java" startline="13" endline="30" pcid="118"></source>
</class>

<class classid="15" nclones="2" nlines="11" similarity="100">
<source file="systems/Comebot/Comebot1/anu_bispro/app/a.java" startline="28" endline="38" pcid="49"></source>
<source file="systems/Comebot/Comebot2/anu_bispro/app/a.java" startline="28" endline="38" pcid="119"></source>
</class>

<class classid="16" nclones="2" nlines="55" similarity="100">
<source file="systems/Comebot/Comebot1/anu_bispro/app/a.java" startline="56" endline="109" pcid="52"></source>
<source file="systems/Comebot/Comebot2/anu_bispro/app/a.java" startline="56" endline="109" pcid="122"></source>
</class>

<class classid="17" nclones="2" nlines="58" similarity="100">
<source file="systems/Comebot/Comebot1/anu_bispro/app/a.java" startline="127" endline="184" pcid="55"></source>
<source file="systems/Comebot/Comebot2/anu_bispro/app/a.java" startline="127" endline="184" pcid="125"></source>
</class>

<class classid="18" nclones="2" nlines="16" similarity="100">
<source file="systems/Comebot/Comebot1/anu_bispro/app/a.java" startline="207" endline="222" pcid="59"></source>
<source file="systems/Comebot/Comebot2/anu_bispro/app/a.java" startline="207" endline="222" pcid="129"></source>
</class>

<class classid="19" nclones="2" nlines="18" similarity="100">
<source file="systems/Comebot/Comebot1/anu_bispro/app/resiverboot.java" startline="14" endline="31" pcid="63"></source>
<source file="systems/Comebot/Comebot2/anu_bispro/app/resiverboot.java" startline="14" endline="31" pcid="133"></source>
</class>

<class classid="20" nclones="2" nlines="13" similarity="100">
<source file="systems/Comebot/Comebot1/anu_bispro/app/resiverboot.java" startline="33" endline="46" pcid="64"></source>
<source file="systems/Comebot/Comebot2/anu_bispro/app/resiverboot.java" startline="33" endline="46" pcid="134"></source>
</class>

<class classid="21" nclones="2" nlines="12" similarity="100">
<source file="systems/Comebot/Comebot1/anu_bispro/app/b.java" startline="30" endline="41" pcid="66"></source>
<source file="systems/Comebot/Comebot2/anu_bispro/app/b.java" startline="30" endline="41" pcid="136"></source>
</class>

<class classid="22" nclones="2" nlines="41" similarity="100">
<source file="systems/Comebot/Comebot1/anu_bispro/app/b.java" startline="48" endline="89" pcid="68"></source>
<source file="systems/Comebot/Comebot2/anu_bispro/app/b.java" startline="48" endline="89" pcid="138"></source>
</class>

</clones>
