<clones>
<systeminfo processor="nicad6" system="Basebridge1" granularity="functions-blind" threshold="30%" minlines="10" maxlines="2500"/>
<cloneinfo npcs="369" npairs="301"/>
<runinfo ncompares="3888" cputime="153783"/>

<clone nlines="302" similarity="100">
<source file="systems/Basebridge1/samurana/case5/ContentInfo.java" startline="62" endline="363" pcid="156"></source>
<source file="systems/Basebridge1/samurana/case7/ContentInfo.java" startline="62" endline="363" pcid="77"></source>
</clone>

<clone nlines="302" similarity="100">
<source file="systems/Basebridge1/samurana/case5/ContentInfo.java" startline="62" endline="363" pcid="156"></source>
<source file="systems/Basebridge1/Basebridge3/com/zhangling/anTest01/db/ContentInfo.java" startline="62" endline="363" pcid="336"></source>
</clone>

<clone nlines="302" similarity="99">
<source file="systems/Basebridge1/samurana/case5/ContentInfo.java" startline="62" endline="363" pcid="156"></source>
<source file="systems/Basebridge1/samurana/case5/DatabaseHelper.java" startline="84" endline="384" pcid="146"></source>
</clone>

<clone nlines="302" similarity="99">
<source file="systems/Basebridge1/samurana/case5/ContentInfo.java" startline="62" endline="363" pcid="156"></source>
<source file="systems/Basebridge1/samurana/case4/DatabaseHelper.java" startline="84" endline="384" pcid="164"></source>
</clone>

<clone nlines="302" similarity="99">
<source file="systems/Basebridge1/samurana/case5/ContentInfo.java" startline="62" endline="363" pcid="156"></source>
<source file="systems/Basebridge1/Basebridge3/com/zhangling/util/DatabaseHelper.java" startline="84" endline="384" pcid="218"></source>
</clone>

<clone nlines="302" similarity="100">
<source file="systems/Basebridge1/samurana/case7/ContentInfo.java" startline="62" endline="363" pcid="77"></source>
<source file="systems/Basebridge1/Basebridge3/com/zhangling/anTest01/db/ContentInfo.java" startline="62" endline="363" pcid="336"></source>
</clone>

<clone nlines="302" similarity="99">
<source file="systems/Basebridge1/samurana/case7/ContentInfo.java" startline="62" endline="363" pcid="77"></source>
<source file="systems/Basebridge1/samurana/case5/DatabaseHelper.java" startline="84" endline="384" pcid="146"></source>
</clone>

<clone nlines="302" similarity="99">
<source file="systems/Basebridge1/samurana/case4/DatabaseHelper.java" startline="84" endline="384" pcid="164"></source>
<source file="systems/Basebridge1/samurana/case7/ContentInfo.java" startline="62" endline="363" pcid="77"></source>
</clone>

<clone nlines="302" similarity="99">
<source file="systems/Basebridge1/Basebridge3/com/zhangling/util/DatabaseHelper.java" startline="84" endline="384" pcid="218"></source>
<source file="systems/Basebridge1/samurana/case7/ContentInfo.java" startline="62" endline="363" pcid="77"></source>
</clone>

<clone nlines="302" similarity="99">
<source file="systems/Basebridge1/Basebridge3/com/zhangling/anTest01/db/ContentInfo.java" startline="62" endline="363" pcid="336"></source>
<source file="systems/Basebridge1/samurana/case5/DatabaseHelper.java" startline="84" endline="384" pcid="146"></source>
</clone>

<clone nlines="302" similarity="99">
<source file="systems/Basebridge1/samurana/case4/DatabaseHelper.java" startline="84" endline="384" pcid="164"></source>
<source file="systems/Basebridge1/Basebridge3/com/zhangling/anTest01/db/ContentInfo.java" startline="62" endline="363" pcid="336"></source>
</clone>

<clone nlines="302" similarity="99">
<source file="systems/Basebridge1/Basebridge3/com/zhangling/util/DatabaseHelper.java" startline="84" endline="384" pcid="218"></source>
<source file="systems/Basebridge1/Basebridge3/com/zhangling/anTest01/db/ContentInfo.java" startline="62" endline="363" pcid="336"></source>
</clone>

<clone nlines="301" similarity="100">
<source file="systems/Basebridge1/samurana/case4/DatabaseHelper.java" startline="84" endline="384" pcid="164"></source>
<source file="systems/Basebridge1/samurana/case5/DatabaseHelper.java" startline="84" endline="384" pcid="146"></source>
</clone>

<clone nlines="301" similarity="100">
<source file="systems/Basebridge1/Basebridge3/com/zhangling/util/DatabaseHelper.java" startline="84" endline="384" pcid="218"></source>
<source file="systems/Basebridge1/samurana/case5/DatabaseHelper.java" startline="84" endline="384" pcid="146"></source>
</clone>

<clone nlines="301" similarity="100">
<source file="systems/Basebridge1/samurana/case4/DatabaseHelper.java" startline="84" endline="384" pcid="164"></source>
<source file="systems/Basebridge1/Basebridge3/com/zhangling/util/DatabaseHelper.java" startline="84" endline="384" pcid="218"></source>
</clone>

<clone nlines="45" similarity="100">
<source file="systems/Basebridge1/samurana/case4/DatabaseHelper.java" startline="394" endline="439" pcid="166"></source>
<source file="systems/Basebridge1/samurana/case5/DatabaseHelper.java" startline="394" endline="439" pcid="148"></source>
</clone>

<clone nlines="45" similarity="100">
<source file="systems/Basebridge1/samurana/case4/DatabaseHelper.java" startline="394" endline="439" pcid="166"></source>
<source file="systems/Basebridge1/Basebridge3/com/zhangling/util/DatabaseHelper.java" startline="394" endline="439" pcid="220"></source>
</clone>

<clone nlines="45" similarity="100">
<source file="systems/Basebridge1/Basebridge3/com/zhangling/util/DatabaseHelper.java" startline="394" endline="439" pcid="220"></source>
<source file="systems/Basebridge1/samurana/case5/DatabaseHelper.java" startline="394" endline="439" pcid="148"></source>
</clone>

<clone nlines="50" similarity="100">
<source file="systems/Basebridge1/Basebridge3/com/zhangling/anTest20/Lists.java" startline="105" endline="154" pcid="321"></source>
<source file="systems/Basebridge1/samurana/case6/Lists.java" startline="105" endline="154" pcid="104"></source>
</clone>

<clone nlines="38" similarity="90">
<source file="systems/Basebridge1/Baby Bus/ICustomTabsService.java" startline="108" endline="143" pcid="43"></source>
<source file="systems/Basebridge1/Baby Bus/ICustomTabsService.java" startline="257" endline="292" pcid="48"></source>
</clone>

<clone nlines="38" similarity="90">
<source file="systems/Basebridge1/Baby Bus/ICustomTabsService.java" startline="108" endline="143" pcid="43"></source>
<source file="systems/Basebridge1/Baby Bus/ICustomTabsService.java" startline="506" endline="541" pcid="59"></source>
</clone>

<clone nlines="38" similarity="100">
<source file="systems/Basebridge1/Baby Bus/ICustomTabsService.java" startline="108" endline="143" pcid="43"></source>
<source file="systems/Basebridge1/Baby Bus/ICustomTabsService.java" startline="357" endline="392" pcid="54"></source>
</clone>

<clone nlines="34" similarity="76">
<source file="systems/Basebridge1/Baby Bus/ICustomTabsService.java" startline="108" endline="143" pcid="43"></source>
<source file="systems/Basebridge1/Baby Bus/ICustomTabsService.java" startline="197" endline="225" pcid="46"></source>
</clone>

<clone nlines="34" similarity="76">
<source file="systems/Basebridge1/Baby Bus/ICustomTabsService.java" startline="108" endline="143" pcid="43"></source>
<source file="systems/Basebridge1/Baby Bus/ICustomTabsService.java" startline="476" endline="504" pcid="58"></source>
</clone>

<clone nlines="34" similarity="76">
<source file="systems/Basebridge1/Baby Bus/ICustomTabsService.java" startline="108" endline="143" pcid="43"></source>
<source file="systems/Basebridge1/Baby Bus/ICustomTabsService.java" startline="446" endline="474" pcid="57"></source>
</clone>

<clone nlines="34" similarity="76">
<source file="systems/Basebridge1/Baby Bus/ICustomTabsService.java" startline="108" endline="143" pcid="43"></source>
<source file="systems/Basebridge1/Baby Bus/ICustomTabsService.java" startline="227" endline="255" pcid="47"></source>
</clone>

<clone nlines="38" similarity="100">
<source file="systems/Basebridge1/Baby Bus/ICustomTabsService.java" startline="257" endline="292" pcid="48"></source>
<source file="systems/Basebridge1/Baby Bus/ICustomTabsService.java" startline="506" endline="541" pcid="59"></source>
</clone>

<clone nlines="38" similarity="90">
<source file="systems/Basebridge1/Baby Bus/ICustomTabsService.java" startline="257" endline="292" pcid="48"></source>
<source file="systems/Basebridge1/Baby Bus/ICustomTabsService.java" startline="357" endline="392" pcid="54"></source>
</clone>

<clone nlines="34" similarity="73">
<source file="systems/Basebridge1/Baby Bus/ICustomTabsService.java" startline="197" endline="225" pcid="46"></source>
<source file="systems/Basebridge1/Baby Bus/ICustomTabsService.java" startline="257" endline="292" pcid="48"></source>
</clone>

<clone nlines="34" similarity="73">
<source file="systems/Basebridge1/Baby Bus/ICustomTabsService.java" startline="257" endline="292" pcid="48"></source>
<source file="systems/Basebridge1/Baby Bus/ICustomTabsService.java" startline="476" endline="504" pcid="58"></source>
</clone>

<clone nlines="34" similarity="73">
<source file="systems/Basebridge1/Baby Bus/ICustomTabsService.java" startline="257" endline="292" pcid="48"></source>
<source file="systems/Basebridge1/Baby Bus/ICustomTabsService.java" startline="446" endline="474" pcid="57"></source>
</clone>

<clone nlines="34" similarity="73">
<source file="systems/Basebridge1/Baby Bus/ICustomTabsService.java" startline="227" endline="255" pcid="47"></source>
<source file="systems/Basebridge1/Baby Bus/ICustomTabsService.java" startline="257" endline="292" pcid="48"></source>
</clone>

<clone nlines="38" similarity="90">
<source file="systems/Basebridge1/Baby Bus/ICustomTabsService.java" startline="357" endline="392" pcid="54"></source>
<source file="systems/Basebridge1/Baby Bus/ICustomTabsService.java" startline="506" endline="541" pcid="59"></source>
</clone>

<clone nlines="34" similarity="73">
<source file="systems/Basebridge1/Baby Bus/ICustomTabsService.java" startline="197" endline="225" pcid="46"></source>
<source file="systems/Basebridge1/Baby Bus/ICustomTabsService.java" startline="506" endline="541" pcid="59"></source>
</clone>

<clone nlines="34" similarity="73">
<source file="systems/Basebridge1/Baby Bus/ICustomTabsService.java" startline="476" endline="504" pcid="58"></source>
<source file="systems/Basebridge1/Baby Bus/ICustomTabsService.java" startline="506" endline="541" pcid="59"></source>
</clone>

<clone nlines="34" similarity="73">
<source file="systems/Basebridge1/Baby Bus/ICustomTabsService.java" startline="446" endline="474" pcid="57"></source>
<source file="systems/Basebridge1/Baby Bus/ICustomTabsService.java" startline="506" endline="541" pcid="59"></source>
</clone>

<clone nlines="34" similarity="73">
<source file="systems/Basebridge1/Baby Bus/ICustomTabsService.java" startline="227" endline="255" pcid="47"></source>
<source file="systems/Basebridge1/Baby Bus/ICustomTabsService.java" startline="506" endline="541" pcid="59"></source>
</clone>

<clone nlines="34" similarity="76">
<source file="systems/Basebridge1/Baby Bus/ICustomTabsService.java" startline="197" endline="225" pcid="46"></source>
<source file="systems/Basebridge1/Baby Bus/ICustomTabsService.java" startline="357" endline="392" pcid="54"></source>
</clone>

<clone nlines="34" similarity="76">
<source file="systems/Basebridge1/Baby Bus/ICustomTabsService.java" startline="357" endline="392" pcid="54"></source>
<source file="systems/Basebridge1/Baby Bus/ICustomTabsService.java" startline="476" endline="504" pcid="58"></source>
</clone>

<clone nlines="34" similarity="76">
<source file="systems/Basebridge1/Baby Bus/ICustomTabsService.java" startline="357" endline="392" pcid="54"></source>
<source file="systems/Basebridge1/Baby Bus/ICustomTabsService.java" startline="446" endline="474" pcid="57"></source>
</clone>

<clone nlines="34" similarity="76">
<source file="systems/Basebridge1/Baby Bus/ICustomTabsService.java" startline="227" endline="255" pcid="47"></source>
<source file="systems/Basebridge1/Baby Bus/ICustomTabsService.java" startline="357" endline="392" pcid="54"></source>
</clone>

<clone nlines="33" similarity="100">
<source file="systems/Basebridge1/samurana/case7/ContentInfo.java" startline="28" endline="60" pcid="76"></source>
<source file="systems/Basebridge1/Basebridge3/com/zhangling/anTest01/db/ContentInfo.java" startline="28" endline="60" pcid="335"></source>
</clone>

<clone nlines="33" similarity="100">
<source file="systems/Basebridge1/samurana/case5/ContentInfo.java" startline="28" endline="60" pcid="155"></source>
<source file="systems/Basebridge1/samurana/case7/ContentInfo.java" startline="28" endline="60" pcid="76"></source>
</clone>

<clone nlines="30" similarity="74">
<source file="systems/Basebridge1/samurana/case7/ContentInfo.java" startline="28" endline="60" pcid="76"></source>
<source file="systems/Basebridge1/Basebridge3/com/zhangling/anTest01/db/BookingInfo.java" startline="28" endline="55" pcid="365"></source>
</clone>

<clone nlines="30" similarity="74">
<source file="systems/Basebridge1/samurana/case7/HistoryInfo.java" startline="28" endline="55" pcid="81"></source>
<source file="systems/Basebridge1/samurana/case7/ContentInfo.java" startline="28" endline="60" pcid="76"></source>
</clone>

<clone nlines="30" similarity="74">
<source file="systems/Basebridge1/Basebridge3/com/zhangling/anTest01/db/HistoryInfo.java" startline="28" endline="55" pcid="340"></source>
<source file="systems/Basebridge1/samurana/case7/ContentInfo.java" startline="28" endline="60" pcid="76"></source>
</clone>

<clone nlines="30" similarity="74">
<source file="systems/Basebridge1/samurana/case7/ContentInfo.java" startline="28" endline="60" pcid="76"></source>
<source file="systems/Basebridge1/samurana/case7/BookingInfo.java" startline="28" endline="55" pcid="89"></source>
</clone>

<clone nlines="33" similarity="100">
<source file="systems/Basebridge1/samurana/case5/ContentInfo.java" startline="28" endline="60" pcid="155"></source>
<source file="systems/Basebridge1/Basebridge3/com/zhangling/anTest01/db/ContentInfo.java" startline="28" endline="60" pcid="335"></source>
</clone>

<clone nlines="30" similarity="74">
<source file="systems/Basebridge1/Basebridge3/com/zhangling/anTest01/db/BookingInfo.java" startline="28" endline="55" pcid="365"></source>
<source file="systems/Basebridge1/Basebridge3/com/zhangling/anTest01/db/ContentInfo.java" startline="28" endline="60" pcid="335"></source>
</clone>

<clone nlines="30" similarity="74">
<source file="systems/Basebridge1/samurana/case7/HistoryInfo.java" startline="28" endline="55" pcid="81"></source>
<source file="systems/Basebridge1/Basebridge3/com/zhangling/anTest01/db/ContentInfo.java" startline="28" endline="60" pcid="335"></source>
</clone>

<clone nlines="30" similarity="74">
<source file="systems/Basebridge1/Basebridge3/com/zhangling/anTest01/db/HistoryInfo.java" startline="28" endline="55" pcid="340"></source>
<source file="systems/Basebridge1/Basebridge3/com/zhangling/anTest01/db/ContentInfo.java" startline="28" endline="60" pcid="335"></source>
</clone>

<clone nlines="30" similarity="74">
<source file="systems/Basebridge1/Basebridge3/com/zhangling/anTest01/db/ContentInfo.java" startline="28" endline="60" pcid="335"></source>
<source file="systems/Basebridge1/samurana/case7/BookingInfo.java" startline="28" endline="55" pcid="89"></source>
</clone>

<clone nlines="30" similarity="74">
<source file="systems/Basebridge1/samurana/case5/ContentInfo.java" startline="28" endline="60" pcid="155"></source>
<source file="systems/Basebridge1/Basebridge3/com/zhangling/anTest01/db/BookingInfo.java" startline="28" endline="55" pcid="365"></source>
</clone>

<clone nlines="30" similarity="74">
<source file="systems/Basebridge1/samurana/case5/ContentInfo.java" startline="28" endline="60" pcid="155"></source>
<source file="systems/Basebridge1/samurana/case7/HistoryInfo.java" startline="28" endline="55" pcid="81"></source>
</clone>

<clone nlines="30" similarity="74">
<source file="systems/Basebridge1/Basebridge3/com/zhangling/anTest01/db/HistoryInfo.java" startline="28" endline="55" pcid="340"></source>
<source file="systems/Basebridge1/samurana/case5/ContentInfo.java" startline="28" endline="60" pcid="155"></source>
</clone>

<clone nlines="30" similarity="74">
<source file="systems/Basebridge1/samurana/case5/ContentInfo.java" startline="28" endline="60" pcid="155"></source>
<source file="systems/Basebridge1/samurana/case7/BookingInfo.java" startline="28" endline="55" pcid="89"></source>
</clone>

<clone nlines="30" similarity="100">
<source file="systems/Basebridge1/samurana/case4/BaseSqlManager.java" startline="151" endline="180" pcid="184"></source>
<source file="systems/Basebridge1/Basebridge3/com/zhangling/anTest01/db/BaseSqlManager.java" startline="151" endline="180" pcid="359"></source>
</clone>

<clone nlines="30" similarity="100">
<source file="systems/Basebridge1/samurana/case6/Booking.java" startline="31" endline="59" pcid="94"></source>
<source file="systems/Basebridge1/Basebridge3/com/zhangling/anTest20/Booking.java" startline="31" endline="59" pcid="281"></source>
</clone>

<clone nlines="31" similarity="100">
<source file="systems/Basebridge1/samurana/case4/DatabaseHelper.java" startline="447" endline="477" pcid="170"></source>
<source file="systems/Basebridge1/samurana/case5/DatabaseHelper.java" startline="447" endline="477" pcid="152"></source>
</clone>

<clone nlines="31" similarity="100">
<source file="systems/Basebridge1/Basebridge3/com/zhangling/util/DatabaseHelper.java" startline="447" endline="477" pcid="224"></source>
<source file="systems/Basebridge1/samurana/case5/DatabaseHelper.java" startline="447" endline="477" pcid="152"></source>
</clone>

<clone nlines="31" similarity="100">
<source file="systems/Basebridge1/samurana/case4/DatabaseHelper.java" startline="447" endline="477" pcid="170"></source>
<source file="systems/Basebridge1/Basebridge3/com/zhangling/util/DatabaseHelper.java" startline="447" endline="477" pcid="224"></source>
</clone>

<clone nlines="30" similarity="100">
<source file="systems/Basebridge1/samurana/case4/BaseSqlManager.java" startline="94" endline="125" pcid="177"></source>
<source file="systems/Basebridge1/Basebridge3/com/zhangling/anTest01/db/BaseSqlManager.java" startline="94" endline="125" pcid="352"></source>
</clone>

<clone nlines="30" similarity="100">
<source file="systems/Basebridge1/Baby Bus/ICustomTabsService.java" startline="197" endline="225" pcid="46"></source>
<source file="systems/Basebridge1/Baby Bus/ICustomTabsService.java" startline="476" endline="504" pcid="58"></source>
</clone>

<clone nlines="30" similarity="100">
<source file="systems/Basebridge1/Baby Bus/ICustomTabsService.java" startline="197" endline="225" pcid="46"></source>
<source file="systems/Basebridge1/Baby Bus/ICustomTabsService.java" startline="446" endline="474" pcid="57"></source>
</clone>

<clone nlines="30" similarity="100">
<source file="systems/Basebridge1/Baby Bus/ICustomTabsService.java" startline="197" endline="225" pcid="46"></source>
<source file="systems/Basebridge1/Baby Bus/ICustomTabsService.java" startline="227" endline="255" pcid="47"></source>
</clone>

<clone nlines="29" similarity="79">
<source file="systems/Basebridge1/Baby Bus/ICustomTabsService.java" startline="170" endline="195" pcid="45"></source>
<source file="systems/Basebridge1/Baby Bus/ICustomTabsService.java" startline="197" endline="225" pcid="46"></source>
</clone>

<clone nlines="29" similarity="79">
<source file="systems/Basebridge1/Baby Bus/IPostMessageService.java" startline="108" endline="133" pcid="9"></source>
<source file="systems/Basebridge1/Baby Bus/ICustomTabsService.java" startline="197" endline="225" pcid="46"></source>
</clone>

<clone nlines="29" similarity="79">
<source file="systems/Basebridge1/Baby Bus/IPostMessageService.java" startline="178" endline="203" pcid="14"></source>
<source file="systems/Basebridge1/Baby Bus/ICustomTabsService.java" startline="197" endline="225" pcid="46"></source>
</clone>

<clone nlines="29" similarity="79">
<source file="systems/Basebridge1/Baby Bus/ICustomTabsService.java" startline="197" endline="225" pcid="46"></source>
<source file="systems/Basebridge1/Baby Bus/ICustomTabsService.java" startline="419" endline="444" pcid="56"></source>
</clone>

<clone nlines="29" similarity="79">
<source file="systems/Basebridge1/Baby Bus/IPostMessageService.java" startline="82" endline="106" pcid="8"></source>
<source file="systems/Basebridge1/Baby Bus/ICustomTabsService.java" startline="197" endline="225" pcid="46"></source>
</clone>

<clone nlines="29" similarity="79">
<source file="systems/Basebridge1/Baby Bus/IPostMessageService.java" startline="152" endline="176" pcid="13"></source>
<source file="systems/Basebridge1/Baby Bus/ICustomTabsService.java" startline="197" endline="225" pcid="46"></source>
</clone>

<clone nlines="30" similarity="100">
<source file="systems/Basebridge1/Baby Bus/ICustomTabsService.java" startline="446" endline="474" pcid="57"></source>
<source file="systems/Basebridge1/Baby Bus/ICustomTabsService.java" startline="476" endline="504" pcid="58"></source>
</clone>

<clone nlines="30" similarity="100">
<source file="systems/Basebridge1/Baby Bus/ICustomTabsService.java" startline="227" endline="255" pcid="47"></source>
<source file="systems/Basebridge1/Baby Bus/ICustomTabsService.java" startline="476" endline="504" pcid="58"></source>
</clone>

<clone nlines="29" similarity="79">
<source file="systems/Basebridge1/Baby Bus/ICustomTabsService.java" startline="170" endline="195" pcid="45"></source>
<source file="systems/Basebridge1/Baby Bus/ICustomTabsService.java" startline="476" endline="504" pcid="58"></source>
</clone>

<clone nlines="29" similarity="79">
<source file="systems/Basebridge1/Baby Bus/IPostMessageService.java" startline="108" endline="133" pcid="9"></source>
<source file="systems/Basebridge1/Baby Bus/ICustomTabsService.java" startline="476" endline="504" pcid="58"></source>
</clone>

<clone nlines="29" similarity="79">
<source file="systems/Basebridge1/Baby Bus/IPostMessageService.java" startline="178" endline="203" pcid="14"></source>
<source file="systems/Basebridge1/Baby Bus/ICustomTabsService.java" startline="476" endline="504" pcid="58"></source>
</clone>

<clone nlines="29" similarity="79">
<source file="systems/Basebridge1/Baby Bus/ICustomTabsService.java" startline="419" endline="444" pcid="56"></source>
<source file="systems/Basebridge1/Baby Bus/ICustomTabsService.java" startline="476" endline="504" pcid="58"></source>
</clone>

<clone nlines="29" similarity="79">
<source file="systems/Basebridge1/Baby Bus/IPostMessageService.java" startline="82" endline="106" pcid="8"></source>
<source file="systems/Basebridge1/Baby Bus/ICustomTabsService.java" startline="476" endline="504" pcid="58"></source>
</clone>

<clone nlines="29" similarity="79">
<source file="systems/Basebridge1/Baby Bus/IPostMessageService.java" startline="152" endline="176" pcid="13"></source>
<source file="systems/Basebridge1/Baby Bus/ICustomTabsService.java" startline="476" endline="504" pcid="58"></source>
</clone>

<clone nlines="30" similarity="100">
<source file="systems/Basebridge1/Baby Bus/ICustomTabsService.java" startline="227" endline="255" pcid="47"></source>
<source file="systems/Basebridge1/Baby Bus/ICustomTabsService.java" startline="446" endline="474" pcid="57"></source>
</clone>

<clone nlines="29" similarity="79">
<source file="systems/Basebridge1/Baby Bus/ICustomTabsService.java" startline="170" endline="195" pcid="45"></source>
<source file="systems/Basebridge1/Baby Bus/ICustomTabsService.java" startline="446" endline="474" pcid="57"></source>
</clone>

<clone nlines="29" similarity="79">
<source file="systems/Basebridge1/Baby Bus/IPostMessageService.java" startline="108" endline="133" pcid="9"></source>
<source file="systems/Basebridge1/Baby Bus/ICustomTabsService.java" startline="446" endline="474" pcid="57"></source>
</clone>

<clone nlines="29" similarity="79">
<source file="systems/Basebridge1/Baby Bus/IPostMessageService.java" startline="178" endline="203" pcid="14"></source>
<source file="systems/Basebridge1/Baby Bus/ICustomTabsService.java" startline="446" endline="474" pcid="57"></source>
</clone>

<clone nlines="29" similarity="79">
<source file="systems/Basebridge1/Baby Bus/ICustomTabsService.java" startline="419" endline="444" pcid="56"></source>
<source file="systems/Basebridge1/Baby Bus/ICustomTabsService.java" startline="446" endline="474" pcid="57"></source>
</clone>

<clone nlines="29" similarity="79">
<source file="systems/Basebridge1/Baby Bus/IPostMessageService.java" startline="82" endline="106" pcid="8"></source>
<source file="systems/Basebridge1/Baby Bus/ICustomTabsService.java" startline="446" endline="474" pcid="57"></source>
</clone>

<clone nlines="29" similarity="79">
<source file="systems/Basebridge1/Baby Bus/IPostMessageService.java" startline="152" endline="176" pcid="13"></source>
<source file="systems/Basebridge1/Baby Bus/ICustomTabsService.java" startline="446" endline="474" pcid="57"></source>
</clone>

<clone nlines="29" similarity="79">
<source file="systems/Basebridge1/Baby Bus/ICustomTabsService.java" startline="170" endline="195" pcid="45"></source>
<source file="systems/Basebridge1/Baby Bus/ICustomTabsService.java" startline="227" endline="255" pcid="47"></source>
</clone>

<clone nlines="29" similarity="79">
<source file="systems/Basebridge1/Baby Bus/IPostMessageService.java" startline="108" endline="133" pcid="9"></source>
<source file="systems/Basebridge1/Baby Bus/ICustomTabsService.java" startline="227" endline="255" pcid="47"></source>
</clone>

<clone nlines="29" similarity="79">
<source file="systems/Basebridge1/Baby Bus/IPostMessageService.java" startline="178" endline="203" pcid="14"></source>
<source file="systems/Basebridge1/Baby Bus/ICustomTabsService.java" startline="227" endline="255" pcid="47"></source>
</clone>

<clone nlines="29" similarity="79">
<source file="systems/Basebridge1/Baby Bus/ICustomTabsService.java" startline="227" endline="255" pcid="47"></source>
<source file="systems/Basebridge1/Baby Bus/ICustomTabsService.java" startline="419" endline="444" pcid="56"></source>
</clone>

<clone nlines="29" similarity="79">
<source file="systems/Basebridge1/Baby Bus/IPostMessageService.java" startline="82" endline="106" pcid="8"></source>
<source file="systems/Basebridge1/Baby Bus/ICustomTabsService.java" startline="227" endline="255" pcid="47"></source>
</clone>

<clone nlines="29" similarity="79">
<source file="systems/Basebridge1/Baby Bus/IPostMessageService.java" startline="152" endline="176" pcid="13"></source>
<source file="systems/Basebridge1/Baby Bus/ICustomTabsService.java" startline="227" endline="255" pcid="47"></source>
</clone>

<clone nlines="27" similarity="100">
<source file="systems/Basebridge1/samurana/case7/HistoryInfo.java" startline="28" endline="55" pcid="81"></source>
<source file="systems/Basebridge1/Basebridge3/com/zhangling/anTest01/db/BookingInfo.java" startline="28" endline="55" pcid="365"></source>
</clone>

<clone nlines="27" similarity="100">
<source file="systems/Basebridge1/Basebridge3/com/zhangling/anTest01/db/HistoryInfo.java" startline="28" endline="55" pcid="340"></source>
<source file="systems/Basebridge1/Basebridge3/com/zhangling/anTest01/db/BookingInfo.java" startline="28" endline="55" pcid="365"></source>
</clone>

<clone nlines="27" similarity="100">
<source file="systems/Basebridge1/Basebridge3/com/zhangling/anTest01/db/BookingInfo.java" startline="28" endline="55" pcid="365"></source>
<source file="systems/Basebridge1/samurana/case7/BookingInfo.java" startline="28" endline="55" pcid="89"></source>
</clone>

<clone nlines="30" similarity="100">
<source file="systems/Basebridge1/Basebridge3/com/zhangling/anTest20/Lists.java" startline="364" endline="391" pcid="328"></source>
<source file="systems/Basebridge1/samurana/case6/Lists.java" startline="364" endline="391" pcid="111"></source>
</clone>

<clone nlines="27" similarity="100">
<source file="systems/Basebridge1/Basebridge3/com/zhangling/anTest01/db/HistoryInfo.java" startline="28" endline="55" pcid="340"></source>
<source file="systems/Basebridge1/samurana/case7/HistoryInfo.java" startline="28" endline="55" pcid="81"></source>
</clone>

<clone nlines="27" similarity="100">
<source file="systems/Basebridge1/samurana/case7/HistoryInfo.java" startline="28" endline="55" pcid="81"></source>
<source file="systems/Basebridge1/samurana/case7/BookingInfo.java" startline="28" endline="55" pcid="89"></source>
</clone>

<clone nlines="27" similarity="100">
<source file="systems/Basebridge1/Basebridge3/com/zhangling/anTest01/db/HistoryInfo.java" startline="28" endline="55" pcid="340"></source>
<source file="systems/Basebridge1/samurana/case7/BookingInfo.java" startline="28" endline="55" pcid="89"></source>
</clone>

<clone nlines="26" similarity="100">
<source file="systems/Basebridge1/samurana/case6/Booking.java" startline="61" endline="84" pcid="95"></source>
<source file="systems/Basebridge1/Basebridge3/com/zhangling/anTest20/Booking.java" startline="61" endline="84" pcid="282"></source>
</clone>

<clone nlines="28" similarity="100">
<source file="systems/Basebridge1/Baby Bus/ICustomTabsCallback.java" startline="219" endline="244" pcid="26"></source>
<source file="systems/Basebridge1/Baby Bus/ICustomTabsCallback.java" startline="346" endline="371" pcid="34"></source>
</clone>

<clone nlines="28" similarity="90">
<source file="systems/Basebridge1/Baby Bus/IPostMessageService.java" startline="108" endline="133" pcid="9"></source>
<source file="systems/Basebridge1/Baby Bus/ICustomTabsService.java" startline="170" endline="195" pcid="45"></source>
</clone>

<clone nlines="28" similarity="90">
<source file="systems/Basebridge1/Baby Bus/IPostMessageService.java" startline="178" endline="203" pcid="14"></source>
<source file="systems/Basebridge1/Baby Bus/ICustomTabsService.java" startline="170" endline="195" pcid="45"></source>
</clone>

<clone nlines="28" similarity="100">
<source file="systems/Basebridge1/Baby Bus/ICustomTabsService.java" startline="170" endline="195" pcid="45"></source>
<source file="systems/Basebridge1/Baby Bus/ICustomTabsService.java" startline="419" endline="444" pcid="56"></source>
</clone>

<clone nlines="28" similarity="86">
<source file="systems/Basebridge1/Baby Bus/IPostMessageService.java" startline="82" endline="106" pcid="8"></source>
<source file="systems/Basebridge1/Baby Bus/ICustomTabsService.java" startline="170" endline="195" pcid="45"></source>
</clone>

<clone nlines="28" similarity="86">
<source file="systems/Basebridge1/Baby Bus/IPostMessageService.java" startline="152" endline="176" pcid="13"></source>
<source file="systems/Basebridge1/Baby Bus/ICustomTabsService.java" startline="170" endline="195" pcid="45"></source>
</clone>

<clone nlines="28" similarity="100">
<source file="systems/Basebridge1/Baby Bus/IPostMessageService.java" startline="108" endline="133" pcid="9"></source>
<source file="systems/Basebridge1/Baby Bus/IPostMessageService.java" startline="178" endline="203" pcid="14"></source>
</clone>

<clone nlines="28" similarity="90">
<source file="systems/Basebridge1/Baby Bus/IPostMessageService.java" startline="108" endline="133" pcid="9"></source>
<source file="systems/Basebridge1/Baby Bus/ICustomTabsService.java" startline="419" endline="444" pcid="56"></source>
</clone>

<clone nlines="28" similarity="90">
<source file="systems/Basebridge1/Baby Bus/IPostMessageService.java" startline="82" endline="106" pcid="8"></source>
<source file="systems/Basebridge1/Baby Bus/IPostMessageService.java" startline="108" endline="133" pcid="9"></source>
</clone>

<clone nlines="28" similarity="90">
<source file="systems/Basebridge1/Baby Bus/IPostMessageService.java" startline="108" endline="133" pcid="9"></source>
<source file="systems/Basebridge1/Baby Bus/IPostMessageService.java" startline="152" endline="176" pcid="13"></source>
</clone>

<clone nlines="25" similarity="72">
<source file="systems/Basebridge1/Baby Bus/ICustomTabsCallback.java" startline="198" endline="217" pcid="25"></source>
<source file="systems/Basebridge1/Baby Bus/IPostMessageService.java" startline="108" endline="133" pcid="9"></source>
</clone>

<clone nlines="25" similarity="72">
<source file="systems/Basebridge1/Baby Bus/ICustomTabsCallback.java" startline="259" endline="278" pcid="29"></source>
<source file="systems/Basebridge1/Baby Bus/IPostMessageService.java" startline="108" endline="133" pcid="9"></source>
</clone>

<clone nlines="25" similarity="72">
<source file="systems/Basebridge1/Baby Bus/ICustomTabsCallback.java" startline="325" endline="344" pcid="33"></source>
<source file="systems/Basebridge1/Baby Bus/IPostMessageService.java" startline="108" endline="133" pcid="9"></source>
</clone>

<clone nlines="25" similarity="72">
<source file="systems/Basebridge1/Baby Bus/ICustomTabsCallback.java" startline="304" endline="323" pcid="32"></source>
<source file="systems/Basebridge1/Baby Bus/IPostMessageService.java" startline="108" endline="133" pcid="9"></source>
</clone>

<clone nlines="25" similarity="72">
<source file="systems/Basebridge1/Baby Bus/ICustomTabsCallback.java" startline="177" endline="196" pcid="24"></source>
<source file="systems/Basebridge1/Baby Bus/IPostMessageService.java" startline="108" endline="133" pcid="9"></source>
</clone>

<clone nlines="25" similarity="72">
<source file="systems/Basebridge1/Baby Bus/ICustomTabsCallback.java" startline="132" endline="151" pcid="21"></source>
<source file="systems/Basebridge1/Baby Bus/IPostMessageService.java" startline="108" endline="133" pcid="9"></source>
</clone>

<clone nlines="28" similarity="90">
<source file="systems/Basebridge1/Baby Bus/IPostMessageService.java" startline="178" endline="203" pcid="14"></source>
<source file="systems/Basebridge1/Baby Bus/ICustomTabsService.java" startline="419" endline="444" pcid="56"></source>
</clone>

<clone nlines="28" similarity="90">
<source file="systems/Basebridge1/Baby Bus/IPostMessageService.java" startline="82" endline="106" pcid="8"></source>
<source file="systems/Basebridge1/Baby Bus/IPostMessageService.java" startline="178" endline="203" pcid="14"></source>
</clone>

<clone nlines="28" similarity="90">
<source file="systems/Basebridge1/Baby Bus/IPostMessageService.java" startline="152" endline="176" pcid="13"></source>
<source file="systems/Basebridge1/Baby Bus/IPostMessageService.java" startline="178" endline="203" pcid="14"></source>
</clone>

<clone nlines="25" similarity="72">
<source file="systems/Basebridge1/Baby Bus/ICustomTabsCallback.java" startline="198" endline="217" pcid="25"></source>
<source file="systems/Basebridge1/Baby Bus/IPostMessageService.java" startline="178" endline="203" pcid="14"></source>
</clone>

<clone nlines="25" similarity="72">
<source file="systems/Basebridge1/Baby Bus/ICustomTabsCallback.java" startline="259" endline="278" pcid="29"></source>
<source file="systems/Basebridge1/Baby Bus/IPostMessageService.java" startline="178" endline="203" pcid="14"></source>
</clone>

<clone nlines="25" similarity="72">
<source file="systems/Basebridge1/Baby Bus/ICustomTabsCallback.java" startline="325" endline="344" pcid="33"></source>
<source file="systems/Basebridge1/Baby Bus/IPostMessageService.java" startline="178" endline="203" pcid="14"></source>
</clone>

<clone nlines="25" similarity="72">
<source file="systems/Basebridge1/Baby Bus/ICustomTabsCallback.java" startline="304" endline="323" pcid="32"></source>
<source file="systems/Basebridge1/Baby Bus/IPostMessageService.java" startline="178" endline="203" pcid="14"></source>
</clone>

<clone nlines="25" similarity="72">
<source file="systems/Basebridge1/Baby Bus/ICustomTabsCallback.java" startline="177" endline="196" pcid="24"></source>
<source file="systems/Basebridge1/Baby Bus/IPostMessageService.java" startline="178" endline="203" pcid="14"></source>
</clone>

<clone nlines="25" similarity="72">
<source file="systems/Basebridge1/Baby Bus/ICustomTabsCallback.java" startline="132" endline="151" pcid="21"></source>
<source file="systems/Basebridge1/Baby Bus/IPostMessageService.java" startline="178" endline="203" pcid="14"></source>
</clone>

<clone nlines="28" similarity="86">
<source file="systems/Basebridge1/Baby Bus/IPostMessageService.java" startline="82" endline="106" pcid="8"></source>
<source file="systems/Basebridge1/Baby Bus/ICustomTabsService.java" startline="419" endline="444" pcid="56"></source>
</clone>

<clone nlines="28" similarity="86">
<source file="systems/Basebridge1/Baby Bus/IPostMessageService.java" startline="152" endline="176" pcid="13"></source>
<source file="systems/Basebridge1/Baby Bus/ICustomTabsService.java" startline="419" endline="444" pcid="56"></source>
</clone>

<clone nlines="27" similarity="100">
<source file="systems/Basebridge1/Baby Bus/IPostMessageService.java" startline="82" endline="106" pcid="8"></source>
<source file="systems/Basebridge1/Baby Bus/IPostMessageService.java" startline="152" endline="176" pcid="13"></source>
</clone>

<clone nlines="24" similarity="76">
<source file="systems/Basebridge1/Baby Bus/ICustomTabsCallback.java" startline="198" endline="217" pcid="25"></source>
<source file="systems/Basebridge1/Baby Bus/IPostMessageService.java" startline="82" endline="106" pcid="8"></source>
</clone>

<clone nlines="24" similarity="76">
<source file="systems/Basebridge1/Baby Bus/ICustomTabsCallback.java" startline="259" endline="278" pcid="29"></source>
<source file="systems/Basebridge1/Baby Bus/IPostMessageService.java" startline="82" endline="106" pcid="8"></source>
</clone>

<clone nlines="24" similarity="76">
<source file="systems/Basebridge1/Baby Bus/ICustomTabsCallback.java" startline="325" endline="344" pcid="33"></source>
<source file="systems/Basebridge1/Baby Bus/IPostMessageService.java" startline="82" endline="106" pcid="8"></source>
</clone>

<clone nlines="24" similarity="71">
<source file="systems/Basebridge1/Baby Bus/ICustomTabsCallback.java" startline="304" endline="323" pcid="32"></source>
<source file="systems/Basebridge1/Baby Bus/IPostMessageService.java" startline="82" endline="106" pcid="8"></source>
</clone>

<clone nlines="24" similarity="71">
<source file="systems/Basebridge1/Baby Bus/ICustomTabsCallback.java" startline="177" endline="196" pcid="24"></source>
<source file="systems/Basebridge1/Baby Bus/IPostMessageService.java" startline="82" endline="106" pcid="8"></source>
</clone>

<clone nlines="24" similarity="76">
<source file="systems/Basebridge1/Baby Bus/ICustomTabsCallback.java" startline="132" endline="151" pcid="21"></source>
<source file="systems/Basebridge1/Baby Bus/IPostMessageService.java" startline="82" endline="106" pcid="8"></source>
</clone>

<clone nlines="24" similarity="71">
<source file="systems/Basebridge1/Baby Bus/ICustomTabsCallback.java" startline="157" endline="175" pcid="23"></source>
<source file="systems/Basebridge1/Baby Bus/IPostMessageService.java" startline="82" endline="106" pcid="8"></source>
</clone>

<clone nlines="24" similarity="71">
<source file="systems/Basebridge1/Baby Bus/ICustomTabsCallback.java" startline="284" endline="302" pcid="31"></source>
<source file="systems/Basebridge1/Baby Bus/IPostMessageService.java" startline="82" endline="106" pcid="8"></source>
</clone>

<clone nlines="27" similarity="100">
<source file="systems/Basebridge1/Baby Bus/ICustomTabsService.java" startline="78" endline="102" pcid="41"></source>
<source file="systems/Basebridge1/Baby Bus/ICustomTabsService.java" startline="327" endline="351" pcid="52"></source>
</clone>

<clone nlines="24" similarity="71">
<source file="systems/Basebridge1/Baby Bus/ICustomTabsCallback.java" startline="198" endline="217" pcid="25"></source>
<source file="systems/Basebridge1/Baby Bus/ICustomTabsService.java" startline="327" endline="351" pcid="52"></source>
</clone>

<clone nlines="24" similarity="71">
<source file="systems/Basebridge1/Baby Bus/ICustomTabsCallback.java" startline="259" endline="278" pcid="29"></source>
<source file="systems/Basebridge1/Baby Bus/ICustomTabsService.java" startline="327" endline="351" pcid="52"></source>
</clone>

<clone nlines="24" similarity="71">
<source file="systems/Basebridge1/Baby Bus/ICustomTabsCallback.java" startline="325" endline="344" pcid="33"></source>
<source file="systems/Basebridge1/Baby Bus/ICustomTabsService.java" startline="327" endline="351" pcid="52"></source>
</clone>

<clone nlines="24" similarity="71">
<source file="systems/Basebridge1/Baby Bus/ICustomTabsCallback.java" startline="304" endline="323" pcid="32"></source>
<source file="systems/Basebridge1/Baby Bus/ICustomTabsService.java" startline="327" endline="351" pcid="52"></source>
</clone>

<clone nlines="24" similarity="71">
<source file="systems/Basebridge1/Baby Bus/ICustomTabsCallback.java" startline="177" endline="196" pcid="24"></source>
<source file="systems/Basebridge1/Baby Bus/ICustomTabsService.java" startline="327" endline="351" pcid="52"></source>
</clone>

<clone nlines="24" similarity="71">
<source file="systems/Basebridge1/Baby Bus/ICustomTabsCallback.java" startline="132" endline="151" pcid="21"></source>
<source file="systems/Basebridge1/Baby Bus/ICustomTabsService.java" startline="327" endline="351" pcid="52"></source>
</clone>

<clone nlines="24" similarity="71">
<source file="systems/Basebridge1/Baby Bus/ICustomTabsCallback.java" startline="198" endline="217" pcid="25"></source>
<source file="systems/Basebridge1/Baby Bus/ICustomTabsService.java" startline="78" endline="102" pcid="41"></source>
</clone>

<clone nlines="24" similarity="71">
<source file="systems/Basebridge1/Baby Bus/ICustomTabsCallback.java" startline="259" endline="278" pcid="29"></source>
<source file="systems/Basebridge1/Baby Bus/ICustomTabsService.java" startline="78" endline="102" pcid="41"></source>
</clone>

<clone nlines="24" similarity="71">
<source file="systems/Basebridge1/Baby Bus/ICustomTabsCallback.java" startline="325" endline="344" pcid="33"></source>
<source file="systems/Basebridge1/Baby Bus/ICustomTabsService.java" startline="78" endline="102" pcid="41"></source>
</clone>

<clone nlines="24" similarity="71">
<source file="systems/Basebridge1/Baby Bus/ICustomTabsCallback.java" startline="304" endline="323" pcid="32"></source>
<source file="systems/Basebridge1/Baby Bus/ICustomTabsService.java" startline="78" endline="102" pcid="41"></source>
</clone>

<clone nlines="24" similarity="71">
<source file="systems/Basebridge1/Baby Bus/ICustomTabsCallback.java" startline="177" endline="196" pcid="24"></source>
<source file="systems/Basebridge1/Baby Bus/ICustomTabsService.java" startline="78" endline="102" pcid="41"></source>
</clone>

<clone nlines="24" similarity="71">
<source file="systems/Basebridge1/Baby Bus/ICustomTabsCallback.java" startline="132" endline="151" pcid="21"></source>
<source file="systems/Basebridge1/Baby Bus/ICustomTabsService.java" startline="78" endline="102" pcid="41"></source>
</clone>

<clone nlines="24" similarity="76">
<source file="systems/Basebridge1/Baby Bus/ICustomTabsCallback.java" startline="198" endline="217" pcid="25"></source>
<source file="systems/Basebridge1/Baby Bus/IPostMessageService.java" startline="152" endline="176" pcid="13"></source>
</clone>

<clone nlines="24" similarity="76">
<source file="systems/Basebridge1/Baby Bus/ICustomTabsCallback.java" startline="259" endline="278" pcid="29"></source>
<source file="systems/Basebridge1/Baby Bus/IPostMessageService.java" startline="152" endline="176" pcid="13"></source>
</clone>

<clone nlines="24" similarity="76">
<source file="systems/Basebridge1/Baby Bus/ICustomTabsCallback.java" startline="325" endline="344" pcid="33"></source>
<source file="systems/Basebridge1/Baby Bus/IPostMessageService.java" startline="152" endline="176" pcid="13"></source>
</clone>

<clone nlines="24" similarity="71">
<source file="systems/Basebridge1/Baby Bus/ICustomTabsCallback.java" startline="304" endline="323" pcid="32"></source>
<source file="systems/Basebridge1/Baby Bus/IPostMessageService.java" startline="152" endline="176" pcid="13"></source>
</clone>

<clone nlines="24" similarity="71">
<source file="systems/Basebridge1/Baby Bus/ICustomTabsCallback.java" startline="177" endline="196" pcid="24"></source>
<source file="systems/Basebridge1/Baby Bus/IPostMessageService.java" startline="152" endline="176" pcid="13"></source>
</clone>

<clone nlines="24" similarity="76">
<source file="systems/Basebridge1/Baby Bus/ICustomTabsCallback.java" startline="132" endline="151" pcid="21"></source>
<source file="systems/Basebridge1/Baby Bus/IPostMessageService.java" startline="152" endline="176" pcid="13"></source>
</clone>

<clone nlines="24" similarity="71">
<source file="systems/Basebridge1/Baby Bus/ICustomTabsCallback.java" startline="157" endline="175" pcid="23"></source>
<source file="systems/Basebridge1/Baby Bus/IPostMessageService.java" startline="152" endline="176" pcid="13"></source>
</clone>

<clone nlines="24" similarity="71">
<source file="systems/Basebridge1/Baby Bus/ICustomTabsCallback.java" startline="284" endline="302" pcid="31"></source>
<source file="systems/Basebridge1/Baby Bus/IPostMessageService.java" startline="152" endline="176" pcid="13"></source>
</clone>

<clone nlines="24" similarity="100">
<source file="systems/Basebridge1/Baby Bus/ICustomTabsService.java" startline="145" endline="168" pcid="44"></source>
<source file="systems/Basebridge1/Baby Bus/ICustomTabsService.java" startline="394" endline="417" pcid="55"></source>
</clone>

<clone nlines="21" similarity="70">
<source file="systems/Basebridge1/Baby Bus/ICustomTabsService.java" startline="394" endline="417" pcid="55"></source>
<source file="systems/Basebridge1/Baby Bus/ICustomTabsService.java" startline="543" endline="561" pcid="60"></source>
</clone>

<clone nlines="21" similarity="70">
<source file="systems/Basebridge1/Baby Bus/ICustomTabsService.java" startline="294" endline="312" pcid="49"></source>
<source file="systems/Basebridge1/Baby Bus/ICustomTabsService.java" startline="394" endline="417" pcid="55"></source>
</clone>

<clone nlines="23" similarity="100">
<source file="systems/Basebridge1/Basebridge3/com/zhangling/anTest20/Lists.java" startline="156" endline="179" pcid="326"></source>
<source file="systems/Basebridge1/samurana/case6/Lists.java" startline="156" endline="179" pcid="109"></source>
</clone>

<clone nlines="21" similarity="70">
<source file="systems/Basebridge1/Baby Bus/ICustomTabsService.java" startline="145" endline="168" pcid="44"></source>
<source file="systems/Basebridge1/Baby Bus/ICustomTabsService.java" startline="543" endline="561" pcid="60"></source>
</clone>

<clone nlines="21" similarity="70">
<source file="systems/Basebridge1/Baby Bus/ICustomTabsService.java" startline="145" endline="168" pcid="44"></source>
<source file="systems/Basebridge1/Baby Bus/ICustomTabsService.java" startline="294" endline="312" pcid="49"></source>
</clone>

<clone nlines="21" similarity="100">
<source file="systems/Basebridge1/Basebridge3/com/zhangling/anTest20/Lists.java" startline="398" endline="419" pcid="331"></source>
<source file="systems/Basebridge1/samurana/case6/Lists.java" startline="398" endline="419" pcid="114"></source>
</clone>

<clone nlines="21" similarity="78">
<source file="systems/Basebridge1/samurana/case6/Lists.java" startline="398" endline="419" pcid="114"></source>
<source file="systems/Basebridge1/Basebridge3/com/zhangling/anTest20/Booking.java" startline="99" endline="118" pcid="286"></source>
</clone>

<clone nlines="21" similarity="78">
<source file="systems/Basebridge1/samurana/case6/Lists.java" startline="398" endline="419" pcid="114"></source>
<source file="systems/Basebridge1/samurana/case6/Booking.java" startline="99" endline="118" pcid="99"></source>
</clone>

<clone nlines="21" similarity="78">
<source file="systems/Basebridge1/Basebridge3/com/zhangling/anTest20/Lists.java" startline="398" endline="419" pcid="331"></source>
<source file="systems/Basebridge1/Basebridge3/com/zhangling/anTest20/Booking.java" startline="99" endline="118" pcid="286"></source>
</clone>

<clone nlines="21" similarity="78">
<source file="systems/Basebridge1/Basebridge3/com/zhangling/anTest20/Lists.java" startline="398" endline="419" pcid="331"></source>
<source file="systems/Basebridge1/samurana/case6/Booking.java" startline="99" endline="118" pcid="99"></source>
</clone>

<clone nlines="20" similarity="100">
<source file="systems/Basebridge1/samurana/case6/Booking.java" startline="99" endline="118" pcid="99"></source>
<source file="systems/Basebridge1/Basebridge3/com/zhangling/anTest20/Booking.java" startline="99" endline="118" pcid="286"></source>
</clone>

<clone nlines="22" similarity="100">
<source file="systems/Basebridge1/samurana/case4/BaseSqlManager.java" startline="42" endline="64" pcid="173"></source>
<source file="systems/Basebridge1/Basebridge3/com/zhangling/anTest01/db/BaseSqlManager.java" startline="42" endline="64" pcid="348"></source>
</clone>

<clone nlines="22" similarity="83">
<source file="systems/Basebridge1/samurana/case5/DatabaseHelper.java" startline="47" endline="68" pcid="143"></source>
<source file="systems/Basebridge1/Basebridge3/com/zhangling/anTest01/db/BaseSqlManager.java" startline="42" endline="64" pcid="348"></source>
</clone>

<clone nlines="22" similarity="83">
<source file="systems/Basebridge1/samurana/case4/DatabaseHelper.java" startline="47" endline="68" pcid="161"></source>
<source file="systems/Basebridge1/Basebridge3/com/zhangling/anTest01/db/BaseSqlManager.java" startline="42" endline="64" pcid="348"></source>
</clone>

<clone nlines="22" similarity="83">
<source file="systems/Basebridge1/Basebridge3/com/zhangling/util/DatabaseHelper.java" startline="47" endline="68" pcid="215"></source>
<source file="systems/Basebridge1/Basebridge3/com/zhangling/anTest01/db/BaseSqlManager.java" startline="42" endline="64" pcid="348"></source>
</clone>

<clone nlines="22" similarity="83">
<source file="systems/Basebridge1/samurana/case5/DatabaseHelper.java" startline="47" endline="68" pcid="143"></source>
<source file="systems/Basebridge1/samurana/case4/BaseSqlManager.java" startline="42" endline="64" pcid="173"></source>
</clone>

<clone nlines="22" similarity="83">
<source file="systems/Basebridge1/samurana/case4/DatabaseHelper.java" startline="47" endline="68" pcid="161"></source>
<source file="systems/Basebridge1/samurana/case4/BaseSqlManager.java" startline="42" endline="64" pcid="173"></source>
</clone>

<clone nlines="22" similarity="83">
<source file="systems/Basebridge1/Basebridge3/com/zhangling/util/DatabaseHelper.java" startline="47" endline="68" pcid="215"></source>
<source file="systems/Basebridge1/samurana/case4/BaseSqlManager.java" startline="42" endline="64" pcid="173"></source>
</clone>

<clone nlines="22" similarity="100">
<source file="systems/Basebridge1/samurana/case4/DatabaseHelper.java" startline="47" endline="68" pcid="161"></source>
<source file="systems/Basebridge1/samurana/case5/DatabaseHelper.java" startline="47" endline="68" pcid="143"></source>
</clone>

<clone nlines="22" similarity="100">
<source file="systems/Basebridge1/Basebridge3/com/zhangling/util/DatabaseHelper.java" startline="47" endline="68" pcid="215"></source>
<source file="systems/Basebridge1/samurana/case5/DatabaseHelper.java" startline="47" endline="68" pcid="143"></source>
</clone>

<clone nlines="23" similarity="100">
<source file="systems/Basebridge1/samurana/case5/ContentInfo.java" startline="377" endline="400" pcid="158"></source>
<source file="systems/Basebridge1/samurana/case7/ContentInfo.java" startline="377" endline="400" pcid="79"></source>
</clone>

<clone nlines="23" similarity="100">
<source file="systems/Basebridge1/samurana/case5/ContentInfo.java" startline="377" endline="400" pcid="158"></source>
<source file="systems/Basebridge1/Basebridge3/com/zhangling/anTest01/db/ContentInfo.java" startline="377" endline="400" pcid="338"></source>
</clone>

<clone nlines="23" similarity="100">
<source file="systems/Basebridge1/samurana/case7/ContentInfo.java" startline="377" endline="400" pcid="79"></source>
<source file="systems/Basebridge1/Basebridge3/com/zhangling/anTest01/db/ContentInfo.java" startline="377" endline="400" pcid="338"></source>
</clone>

<clone nlines="22" similarity="100">
<source file="systems/Basebridge1/samurana/case4/DatabaseHelper.java" startline="47" endline="68" pcid="161"></source>
<source file="systems/Basebridge1/Basebridge3/com/zhangling/util/DatabaseHelper.java" startline="47" endline="68" pcid="215"></source>
</clone>

<clone nlines="23" similarity="100">
<source file="systems/Basebridge1/Arm Wrestling/INotificationSideChannel.java" startline="144" endline="165" pcid="204"></source>
<source file="systems/Basebridge1/Arm Wrestling/INotificationSideChannel.java" startline="218" endline="239" pcid="210"></source>
</clone>

<clone nlines="21" similarity="100">
<source file="systems/Basebridge1/Baby Bus/ICustomTabsCallback.java" startline="198" endline="217" pcid="25"></source>
<source file="systems/Basebridge1/Baby Bus/ICustomTabsCallback.java" startline="259" endline="278" pcid="29"></source>
</clone>

<clone nlines="21" similarity="100">
<source file="systems/Basebridge1/Baby Bus/ICustomTabsCallback.java" startline="198" endline="217" pcid="25"></source>
<source file="systems/Basebridge1/Baby Bus/ICustomTabsCallback.java" startline="325" endline="344" pcid="33"></source>
</clone>

<clone nlines="21" similarity="94">
<source file="systems/Basebridge1/Baby Bus/ICustomTabsCallback.java" startline="198" endline="217" pcid="25"></source>
<source file="systems/Basebridge1/Baby Bus/ICustomTabsCallback.java" startline="304" endline="323" pcid="32"></source>
</clone>

<clone nlines="21" similarity="94">
<source file="systems/Basebridge1/Baby Bus/ICustomTabsCallback.java" startline="177" endline="196" pcid="24"></source>
<source file="systems/Basebridge1/Baby Bus/ICustomTabsCallback.java" startline="198" endline="217" pcid="25"></source>
</clone>

<clone nlines="21" similarity="100">
<source file="systems/Basebridge1/Baby Bus/ICustomTabsCallback.java" startline="132" endline="151" pcid="21"></source>
<source file="systems/Basebridge1/Baby Bus/ICustomTabsCallback.java" startline="198" endline="217" pcid="25"></source>
</clone>

<clone nlines="21" similarity="88">
<source file="systems/Basebridge1/Baby Bus/ICustomTabsCallback.java" startline="157" endline="175" pcid="23"></source>
<source file="systems/Basebridge1/Baby Bus/ICustomTabsCallback.java" startline="198" endline="217" pcid="25"></source>
</clone>

<clone nlines="21" similarity="88">
<source file="systems/Basebridge1/Baby Bus/ICustomTabsCallback.java" startline="198" endline="217" pcid="25"></source>
<source file="systems/Basebridge1/Baby Bus/ICustomTabsCallback.java" startline="284" endline="302" pcid="31"></source>
</clone>

<clone nlines="21" similarity="100">
<source file="systems/Basebridge1/Baby Bus/ICustomTabsCallback.java" startline="259" endline="278" pcid="29"></source>
<source file="systems/Basebridge1/Baby Bus/ICustomTabsCallback.java" startline="325" endline="344" pcid="33"></source>
</clone>

<clone nlines="21" similarity="94">
<source file="systems/Basebridge1/Baby Bus/ICustomTabsCallback.java" startline="259" endline="278" pcid="29"></source>
<source file="systems/Basebridge1/Baby Bus/ICustomTabsCallback.java" startline="304" endline="323" pcid="32"></source>
</clone>

<clone nlines="21" similarity="94">
<source file="systems/Basebridge1/Baby Bus/ICustomTabsCallback.java" startline="177" endline="196" pcid="24"></source>
<source file="systems/Basebridge1/Baby Bus/ICustomTabsCallback.java" startline="259" endline="278" pcid="29"></source>
</clone>

<clone nlines="21" similarity="100">
<source file="systems/Basebridge1/Baby Bus/ICustomTabsCallback.java" startline="132" endline="151" pcid="21"></source>
<source file="systems/Basebridge1/Baby Bus/ICustomTabsCallback.java" startline="259" endline="278" pcid="29"></source>
</clone>

<clone nlines="21" similarity="88">
<source file="systems/Basebridge1/Baby Bus/ICustomTabsCallback.java" startline="157" endline="175" pcid="23"></source>
<source file="systems/Basebridge1/Baby Bus/ICustomTabsCallback.java" startline="259" endline="278" pcid="29"></source>
</clone>

<clone nlines="21" similarity="88">
<source file="systems/Basebridge1/Baby Bus/ICustomTabsCallback.java" startline="259" endline="278" pcid="29"></source>
<source file="systems/Basebridge1/Baby Bus/ICustomTabsCallback.java" startline="284" endline="302" pcid="31"></source>
</clone>

<clone nlines="21" similarity="94">
<source file="systems/Basebridge1/Baby Bus/ICustomTabsCallback.java" startline="304" endline="323" pcid="32"></source>
<source file="systems/Basebridge1/Baby Bus/ICustomTabsCallback.java" startline="325" endline="344" pcid="33"></source>
</clone>

<clone nlines="21" similarity="94">
<source file="systems/Basebridge1/Baby Bus/ICustomTabsCallback.java" startline="177" endline="196" pcid="24"></source>
<source file="systems/Basebridge1/Baby Bus/ICustomTabsCallback.java" startline="325" endline="344" pcid="33"></source>
</clone>

<clone nlines="21" similarity="100">
<source file="systems/Basebridge1/Baby Bus/ICustomTabsCallback.java" startline="132" endline="151" pcid="21"></source>
<source file="systems/Basebridge1/Baby Bus/ICustomTabsCallback.java" startline="325" endline="344" pcid="33"></source>
</clone>

<clone nlines="21" similarity="88">
<source file="systems/Basebridge1/Baby Bus/ICustomTabsCallback.java" startline="157" endline="175" pcid="23"></source>
<source file="systems/Basebridge1/Baby Bus/ICustomTabsCallback.java" startline="325" endline="344" pcid="33"></source>
</clone>

<clone nlines="21" similarity="88">
<source file="systems/Basebridge1/Baby Bus/ICustomTabsCallback.java" startline="284" endline="302" pcid="31"></source>
<source file="systems/Basebridge1/Baby Bus/ICustomTabsCallback.java" startline="325" endline="344" pcid="33"></source>
</clone>

<clone nlines="21" similarity="100">
<source file="systems/Basebridge1/Baby Bus/ICustomTabsCallback.java" startline="177" endline="196" pcid="24"></source>
<source file="systems/Basebridge1/Baby Bus/ICustomTabsCallback.java" startline="304" endline="323" pcid="32"></source>
</clone>

<clone nlines="21" similarity="94">
<source file="systems/Basebridge1/Baby Bus/ICustomTabsCallback.java" startline="132" endline="151" pcid="21"></source>
<source file="systems/Basebridge1/Baby Bus/ICustomTabsCallback.java" startline="304" endline="323" pcid="32"></source>
</clone>

<clone nlines="21" similarity="88">
<source file="systems/Basebridge1/Baby Bus/ICustomTabsCallback.java" startline="157" endline="175" pcid="23"></source>
<source file="systems/Basebridge1/Baby Bus/ICustomTabsCallback.java" startline="304" endline="323" pcid="32"></source>
</clone>

<clone nlines="21" similarity="88">
<source file="systems/Basebridge1/Baby Bus/ICustomTabsCallback.java" startline="284" endline="302" pcid="31"></source>
<source file="systems/Basebridge1/Baby Bus/ICustomTabsCallback.java" startline="304" endline="323" pcid="32"></source>
</clone>

<clone nlines="21" similarity="94">
<source file="systems/Basebridge1/Baby Bus/ICustomTabsCallback.java" startline="132" endline="151" pcid="21"></source>
<source file="systems/Basebridge1/Baby Bus/ICustomTabsCallback.java" startline="177" endline="196" pcid="24"></source>
</clone>

<clone nlines="21" similarity="88">
<source file="systems/Basebridge1/Baby Bus/ICustomTabsCallback.java" startline="157" endline="175" pcid="23"></source>
<source file="systems/Basebridge1/Baby Bus/ICustomTabsCallback.java" startline="177" endline="196" pcid="24"></source>
</clone>

<clone nlines="21" similarity="88">
<source file="systems/Basebridge1/Baby Bus/ICustomTabsCallback.java" startline="177" endline="196" pcid="24"></source>
<source file="systems/Basebridge1/Baby Bus/ICustomTabsCallback.java" startline="284" endline="302" pcid="31"></source>
</clone>

<clone nlines="21" similarity="88">
<source file="systems/Basebridge1/Baby Bus/ICustomTabsCallback.java" startline="132" endline="151" pcid="21"></source>
<source file="systems/Basebridge1/Baby Bus/ICustomTabsCallback.java" startline="157" endline="175" pcid="23"></source>
</clone>

<clone nlines="21" similarity="88">
<source file="systems/Basebridge1/Baby Bus/ICustomTabsCallback.java" startline="132" endline="151" pcid="21"></source>
<source file="systems/Basebridge1/Baby Bus/ICustomTabsCallback.java" startline="284" endline="302" pcid="31"></source>
</clone>

<clone nlines="18" similarity="100">
<source file="systems/Basebridge1/Baby Bus/ICustomTabsService.java" startline="294" endline="312" pcid="49"></source>
<source file="systems/Basebridge1/Baby Bus/ICustomTabsService.java" startline="543" endline="561" pcid="60"></source>
</clone>

<clone nlines="20" similarity="100">
<source file="systems/Basebridge1/Baby Bus/ICustomTabsCallback.java" startline="157" endline="175" pcid="23"></source>
<source file="systems/Basebridge1/Baby Bus/ICustomTabsCallback.java" startline="284" endline="302" pcid="31"></source>
</clone>

<clone nlines="16" similarity="100">
<source file="systems/Basebridge1/Arm Wrestling/INotificationSideChannel.java" startline="108" endline="123" pcid="201"></source>
<source file="systems/Basebridge1/Arm Wrestling/INotificationSideChannel.java" startline="182" endline="197" pcid="207"></source>
</clone>

<clone nlines="15" similarity="100">
<source file="systems/Basebridge1/Basebridge3/com/zhangling/anTest20/Lists.java" startline="72" endline="87" pcid="317"></source>
<source file="systems/Basebridge1/samurana/case6/Lists.java" startline="72" endline="87" pcid="100"></source>
</clone>

<clone nlines="14" similarity="100">
<source file="systems/Basebridge1/samurana/case4/DatabaseHelper.java" startline="31" endline="45" pcid="160"></source>
<source file="systems/Basebridge1/samurana/case5/DatabaseHelper.java" startline="31" endline="45" pcid="142"></source>
</clone>

<clone nlines="14" similarity="100">
<source file="systems/Basebridge1/samurana/case4/DatabaseHelper.java" startline="31" endline="45" pcid="160"></source>
<source file="systems/Basebridge1/Basebridge3/com/zhangling/util/DatabaseHelper.java" startline="31" endline="45" pcid="214"></source>
</clone>

<clone nlines="14" similarity="100">
<source file="systems/Basebridge1/Basebridge3/com/zhangling/util/DatabaseHelper.java" startline="31" endline="45" pcid="214"></source>
<source file="systems/Basebridge1/samurana/case5/DatabaseHelper.java" startline="31" endline="45" pcid="142"></source>
</clone>

<clone nlines="16" similarity="81">
<source file="systems/Basebridge1/Basebridge2/com/keji/util/Logs.java" startline="46" endline="61" pcid="63"></source>
<source file="systems/Basebridge1/Basebridge2/com/keji/util/Logs.java" startline="63" endline="78" pcid="64"></source>
</clone>

<clone nlines="16" similarity="72">
<source file="systems/Basebridge1/Basebridge2/com/keji/util/Logs.java" startline="46" endline="61" pcid="63"></source>
<source file="systems/Basebridge1/Basebridge2/com/keji/util/Logs.java" startline="80" endline="95" pcid="65"></source>
</clone>

<clone nlines="16" similarity="72">
<source file="systems/Basebridge1/Basebridge2/com/keji/util/Logs.java" startline="46" endline="61" pcid="63"></source>
<source file="systems/Basebridge1/Basebridge3/com/zhangling/util/Logs.java" startline="80" endline="95" pcid="230"></source>
</clone>

<clone nlines="16" similarity="81">
<source file="systems/Basebridge1/Basebridge2/com/keji/util/Logs.java" startline="46" endline="61" pcid="63"></source>
<source file="systems/Basebridge1/Basebridge3/com/zhangling/util/Logs.java" startline="63" endline="78" pcid="229"></source>
</clone>

<clone nlines="16" similarity="100">
<source file="systems/Basebridge1/Basebridge2/com/keji/util/Logs.java" startline="46" endline="61" pcid="63"></source>
<source file="systems/Basebridge1/Basebridge3/com/zhangling/util/Logs.java" startline="46" endline="61" pcid="228"></source>
</clone>

<clone nlines="16" similarity="100">
<source file="systems/Basebridge1/samurana/case3/Logs.java" startline="46" endline="61" pcid="119"></source>
<source file="systems/Basebridge1/Basebridge2/com/keji/util/Logs.java" startline="46" endline="61" pcid="63"></source>
</clone>

<clone nlines="16" similarity="81">
<source file="systems/Basebridge1/samurana/case3/Logs.java" startline="63" endline="78" pcid="120"></source>
<source file="systems/Basebridge1/Basebridge2/com/keji/util/Logs.java" startline="46" endline="61" pcid="63"></source>
</clone>

<clone nlines="16" similarity="72">
<source file="systems/Basebridge1/samurana/case3/Logs.java" startline="80" endline="95" pcid="121"></source>
<source file="systems/Basebridge1/Basebridge2/com/keji/util/Logs.java" startline="46" endline="61" pcid="63"></source>
</clone>

<clone nlines="16" similarity="72">
<source file="systems/Basebridge1/samurana/case3/Logs1.java" startline="80" endline="95" pcid="133"></source>
<source file="systems/Basebridge1/Basebridge2/com/keji/util/Logs.java" startline="46" endline="61" pcid="63"></source>
</clone>

<clone nlines="16" similarity="81">
<source file="systems/Basebridge1/samurana/case3/Logs1.java" startline="63" endline="78" pcid="132"></source>
<source file="systems/Basebridge1/Basebridge2/com/keji/util/Logs.java" startline="46" endline="61" pcid="63"></source>
</clone>

<clone nlines="16" similarity="100">
<source file="systems/Basebridge1/samurana/case3/Logs1.java" startline="46" endline="61" pcid="131"></source>
<source file="systems/Basebridge1/Basebridge2/com/keji/util/Logs.java" startline="46" endline="61" pcid="63"></source>
</clone>

<clone nlines="16" similarity="100">
<source file="systems/Basebridge1/samurana/case3/Logs1.java" startline="29" endline="44" pcid="130"></source>
<source file="systems/Basebridge1/Basebridge2/com/keji/util/Logs.java" startline="29" endline="44" pcid="62"></source>
</clone>

<clone nlines="16" similarity="100">
<source file="systems/Basebridge1/Basebridge2/com/keji/util/Logs.java" startline="29" endline="44" pcid="62"></source>
<source file="systems/Basebridge1/Basebridge3/com/zhangling/util/Logs.java" startline="29" endline="44" pcid="227"></source>
</clone>

<clone nlines="16" similarity="100">
<source file="systems/Basebridge1/samurana/case3/Logs.java" startline="29" endline="44" pcid="118"></source>
<source file="systems/Basebridge1/Basebridge2/com/keji/util/Logs.java" startline="29" endline="44" pcid="62"></source>
</clone>

<clone nlines="16" similarity="72">
<source file="systems/Basebridge1/Basebridge2/com/keji/util/Logs.java" startline="63" endline="78" pcid="64"></source>
<source file="systems/Basebridge1/Basebridge2/com/keji/util/Logs.java" startline="80" endline="95" pcid="65"></source>
</clone>

<clone nlines="16" similarity="72">
<source file="systems/Basebridge1/Basebridge2/com/keji/util/Logs.java" startline="63" endline="78" pcid="64"></source>
<source file="systems/Basebridge1/Basebridge3/com/zhangling/util/Logs.java" startline="80" endline="95" pcid="230"></source>
</clone>

<clone nlines="16" similarity="100">
<source file="systems/Basebridge1/Basebridge2/com/keji/util/Logs.java" startline="63" endline="78" pcid="64"></source>
<source file="systems/Basebridge1/Basebridge3/com/zhangling/util/Logs.java" startline="63" endline="78" pcid="229"></source>
</clone>

<clone nlines="16" similarity="81">
<source file="systems/Basebridge1/Basebridge2/com/keji/util/Logs.java" startline="63" endline="78" pcid="64"></source>
<source file="systems/Basebridge1/Basebridge3/com/zhangling/util/Logs.java" startline="46" endline="61" pcid="228"></source>
</clone>

<clone nlines="16" similarity="81">
<source file="systems/Basebridge1/samurana/case3/Logs.java" startline="46" endline="61" pcid="119"></source>
<source file="systems/Basebridge1/Basebridge2/com/keji/util/Logs.java" startline="63" endline="78" pcid="64"></source>
</clone>

<clone nlines="16" similarity="100">
<source file="systems/Basebridge1/samurana/case3/Logs.java" startline="63" endline="78" pcid="120"></source>
<source file="systems/Basebridge1/Basebridge2/com/keji/util/Logs.java" startline="63" endline="78" pcid="64"></source>
</clone>

<clone nlines="16" similarity="72">
<source file="systems/Basebridge1/samurana/case3/Logs.java" startline="80" endline="95" pcid="121"></source>
<source file="systems/Basebridge1/Basebridge2/com/keji/util/Logs.java" startline="63" endline="78" pcid="64"></source>
</clone>

<clone nlines="16" similarity="72">
<source file="systems/Basebridge1/samurana/case3/Logs1.java" startline="80" endline="95" pcid="133"></source>
<source file="systems/Basebridge1/Basebridge2/com/keji/util/Logs.java" startline="63" endline="78" pcid="64"></source>
</clone>

<clone nlines="16" similarity="100">
<source file="systems/Basebridge1/samurana/case3/Logs1.java" startline="63" endline="78" pcid="132"></source>
<source file="systems/Basebridge1/Basebridge2/com/keji/util/Logs.java" startline="63" endline="78" pcid="64"></source>
</clone>

<clone nlines="16" similarity="81">
<source file="systems/Basebridge1/samurana/case3/Logs1.java" startline="46" endline="61" pcid="131"></source>
<source file="systems/Basebridge1/Basebridge2/com/keji/util/Logs.java" startline="63" endline="78" pcid="64"></source>
</clone>

<clone nlines="16" similarity="100">
<source file="systems/Basebridge1/Basebridge2/com/keji/util/Logs.java" startline="80" endline="95" pcid="65"></source>
<source file="systems/Basebridge1/Basebridge3/com/zhangling/util/Logs.java" startline="80" endline="95" pcid="230"></source>
</clone>

<clone nlines="16" similarity="72">
<source file="systems/Basebridge1/Basebridge2/com/keji/util/Logs.java" startline="80" endline="95" pcid="65"></source>
<source file="systems/Basebridge1/Basebridge3/com/zhangling/util/Logs.java" startline="63" endline="78" pcid="229"></source>
</clone>

<clone nlines="16" similarity="72">
<source file="systems/Basebridge1/Basebridge2/com/keji/util/Logs.java" startline="80" endline="95" pcid="65"></source>
<source file="systems/Basebridge1/Basebridge3/com/zhangling/util/Logs.java" startline="46" endline="61" pcid="228"></source>
</clone>

<clone nlines="16" similarity="72">
<source file="systems/Basebridge1/samurana/case3/Logs.java" startline="46" endline="61" pcid="119"></source>
<source file="systems/Basebridge1/Basebridge2/com/keji/util/Logs.java" startline="80" endline="95" pcid="65"></source>
</clone>

<clone nlines="16" similarity="72">
<source file="systems/Basebridge1/samurana/case3/Logs.java" startline="63" endline="78" pcid="120"></source>
<source file="systems/Basebridge1/Basebridge2/com/keji/util/Logs.java" startline="80" endline="95" pcid="65"></source>
</clone>

<clone nlines="16" similarity="100">
<source file="systems/Basebridge1/samurana/case3/Logs.java" startline="80" endline="95" pcid="121"></source>
<source file="systems/Basebridge1/Basebridge2/com/keji/util/Logs.java" startline="80" endline="95" pcid="65"></source>
</clone>

<clone nlines="16" similarity="100">
<source file="systems/Basebridge1/samurana/case3/Logs1.java" startline="80" endline="95" pcid="133"></source>
<source file="systems/Basebridge1/Basebridge2/com/keji/util/Logs.java" startline="80" endline="95" pcid="65"></source>
</clone>

<clone nlines="16" similarity="72">
<source file="systems/Basebridge1/samurana/case3/Logs1.java" startline="63" endline="78" pcid="132"></source>
<source file="systems/Basebridge1/Basebridge2/com/keji/util/Logs.java" startline="80" endline="95" pcid="65"></source>
</clone>

<clone nlines="16" similarity="72">
<source file="systems/Basebridge1/samurana/case3/Logs1.java" startline="46" endline="61" pcid="131"></source>
<source file="systems/Basebridge1/Basebridge2/com/keji/util/Logs.java" startline="80" endline="95" pcid="65"></source>
</clone>

<clone nlines="13" similarity="100">
<source file="systems/Basebridge1/samurana/case4/BaseSqlManager.java" startline="79" endline="92" pcid="176"></source>
<source file="systems/Basebridge1/Basebridge3/com/zhangling/anTest01/db/BaseSqlManager.java" startline="79" endline="92" pcid="351"></source>
</clone>

<clone nlines="16" similarity="100">
<source file="systems/Basebridge1/samurana/case3/Logs1.java" startline="29" endline="44" pcid="130"></source>
<source file="systems/Basebridge1/Basebridge3/com/zhangling/util/Logs.java" startline="29" endline="44" pcid="227"></source>
</clone>

<clone nlines="16" similarity="100">
<source file="systems/Basebridge1/samurana/case3/Logs1.java" startline="29" endline="44" pcid="130"></source>
<source file="systems/Basebridge1/samurana/case3/Logs.java" startline="29" endline="44" pcid="118"></source>
</clone>

<clone nlines="16" similarity="72">
<source file="systems/Basebridge1/Basebridge3/com/zhangling/util/Logs.java" startline="63" endline="78" pcid="229"></source>
<source file="systems/Basebridge1/Basebridge3/com/zhangling/util/Logs.java" startline="80" endline="95" pcid="230"></source>
</clone>

<clone nlines="16" similarity="72">
<source file="systems/Basebridge1/Basebridge3/com/zhangling/util/Logs.java" startline="46" endline="61" pcid="228"></source>
<source file="systems/Basebridge1/Basebridge3/com/zhangling/util/Logs.java" startline="80" endline="95" pcid="230"></source>
</clone>

<clone nlines="16" similarity="72">
<source file="systems/Basebridge1/samurana/case3/Logs.java" startline="46" endline="61" pcid="119"></source>
<source file="systems/Basebridge1/Basebridge3/com/zhangling/util/Logs.java" startline="80" endline="95" pcid="230"></source>
</clone>

<clone nlines="16" similarity="72">
<source file="systems/Basebridge1/samurana/case3/Logs.java" startline="63" endline="78" pcid="120"></source>
<source file="systems/Basebridge1/Basebridge3/com/zhangling/util/Logs.java" startline="80" endline="95" pcid="230"></source>
</clone>

<clone nlines="16" similarity="100">
<source file="systems/Basebridge1/samurana/case3/Logs.java" startline="80" endline="95" pcid="121"></source>
<source file="systems/Basebridge1/Basebridge3/com/zhangling/util/Logs.java" startline="80" endline="95" pcid="230"></source>
</clone>

<clone nlines="16" similarity="100">
<source file="systems/Basebridge1/samurana/case3/Logs1.java" startline="80" endline="95" pcid="133"></source>
<source file="systems/Basebridge1/Basebridge3/com/zhangling/util/Logs.java" startline="80" endline="95" pcid="230"></source>
</clone>

<clone nlines="16" similarity="72">
<source file="systems/Basebridge1/samurana/case3/Logs1.java" startline="63" endline="78" pcid="132"></source>
<source file="systems/Basebridge1/Basebridge3/com/zhangling/util/Logs.java" startline="80" endline="95" pcid="230"></source>
</clone>

<clone nlines="16" similarity="72">
<source file="systems/Basebridge1/samurana/case3/Logs1.java" startline="46" endline="61" pcid="131"></source>
<source file="systems/Basebridge1/Basebridge3/com/zhangling/util/Logs.java" startline="80" endline="95" pcid="230"></source>
</clone>

<clone nlines="16" similarity="81">
<source file="systems/Basebridge1/Basebridge3/com/zhangling/util/Logs.java" startline="46" endline="61" pcid="228"></source>
<source file="systems/Basebridge1/Basebridge3/com/zhangling/util/Logs.java" startline="63" endline="78" pcid="229"></source>
</clone>

<clone nlines="16" similarity="81">
<source file="systems/Basebridge1/samurana/case3/Logs.java" startline="46" endline="61" pcid="119"></source>
<source file="systems/Basebridge1/Basebridge3/com/zhangling/util/Logs.java" startline="63" endline="78" pcid="229"></source>
</clone>

<clone nlines="16" similarity="100">
<source file="systems/Basebridge1/samurana/case3/Logs.java" startline="63" endline="78" pcid="120"></source>
<source file="systems/Basebridge1/Basebridge3/com/zhangling/util/Logs.java" startline="63" endline="78" pcid="229"></source>
</clone>

<clone nlines="16" similarity="72">
<source file="systems/Basebridge1/samurana/case3/Logs.java" startline="80" endline="95" pcid="121"></source>
<source file="systems/Basebridge1/Basebridge3/com/zhangling/util/Logs.java" startline="63" endline="78" pcid="229"></source>
</clone>

<clone nlines="16" similarity="72">
<source file="systems/Basebridge1/samurana/case3/Logs1.java" startline="80" endline="95" pcid="133"></source>
<source file="systems/Basebridge1/Basebridge3/com/zhangling/util/Logs.java" startline="63" endline="78" pcid="229"></source>
</clone>

<clone nlines="16" similarity="100">
<source file="systems/Basebridge1/samurana/case3/Logs1.java" startline="63" endline="78" pcid="132"></source>
<source file="systems/Basebridge1/Basebridge3/com/zhangling/util/Logs.java" startline="63" endline="78" pcid="229"></source>
</clone>

<clone nlines="16" similarity="81">
<source file="systems/Basebridge1/samurana/case3/Logs1.java" startline="46" endline="61" pcid="131"></source>
<source file="systems/Basebridge1/Basebridge3/com/zhangling/util/Logs.java" startline="63" endline="78" pcid="229"></source>
</clone>

<clone nlines="16" similarity="100">
<source file="systems/Basebridge1/samurana/case3/Logs.java" startline="46" endline="61" pcid="119"></source>
<source file="systems/Basebridge1/Basebridge3/com/zhangling/util/Logs.java" startline="46" endline="61" pcid="228"></source>
</clone>

<clone nlines="16" similarity="81">
<source file="systems/Basebridge1/samurana/case3/Logs.java" startline="63" endline="78" pcid="120"></source>
<source file="systems/Basebridge1/Basebridge3/com/zhangling/util/Logs.java" startline="46" endline="61" pcid="228"></source>
</clone>

<clone nlines="16" similarity="72">
<source file="systems/Basebridge1/samurana/case3/Logs.java" startline="80" endline="95" pcid="121"></source>
<source file="systems/Basebridge1/Basebridge3/com/zhangling/util/Logs.java" startline="46" endline="61" pcid="228"></source>
</clone>

<clone nlines="16" similarity="72">
<source file="systems/Basebridge1/samurana/case3/Logs1.java" startline="80" endline="95" pcid="133"></source>
<source file="systems/Basebridge1/Basebridge3/com/zhangling/util/Logs.java" startline="46" endline="61" pcid="228"></source>
</clone>

<clone nlines="16" similarity="81">
<source file="systems/Basebridge1/samurana/case3/Logs1.java" startline="63" endline="78" pcid="132"></source>
<source file="systems/Basebridge1/Basebridge3/com/zhangling/util/Logs.java" startline="46" endline="61" pcid="228"></source>
</clone>

<clone nlines="16" similarity="100">
<source file="systems/Basebridge1/samurana/case3/Logs1.java" startline="46" endline="61" pcid="131"></source>
<source file="systems/Basebridge1/Basebridge3/com/zhangling/util/Logs.java" startline="46" endline="61" pcid="228"></source>
</clone>

<clone nlines="16" similarity="100">
<source file="systems/Basebridge1/samurana/case3/Logs.java" startline="29" endline="44" pcid="118"></source>
<source file="systems/Basebridge1/Basebridge3/com/zhangling/util/Logs.java" startline="29" endline="44" pcid="227"></source>
</clone>

<clone nlines="16" similarity="81">
<source file="systems/Basebridge1/samurana/case3/Logs.java" startline="46" endline="61" pcid="119"></source>
<source file="systems/Basebridge1/samurana/case3/Logs.java" startline="63" endline="78" pcid="120"></source>
</clone>

<clone nlines="16" similarity="72">
<source file="systems/Basebridge1/samurana/case3/Logs.java" startline="46" endline="61" pcid="119"></source>
<source file="systems/Basebridge1/samurana/case3/Logs.java" startline="80" endline="95" pcid="121"></source>
</clone>

<clone nlines="16" similarity="72">
<source file="systems/Basebridge1/samurana/case3/Logs1.java" startline="80" endline="95" pcid="133"></source>
<source file="systems/Basebridge1/samurana/case3/Logs.java" startline="46" endline="61" pcid="119"></source>
</clone>

<clone nlines="16" similarity="81">
<source file="systems/Basebridge1/samurana/case3/Logs1.java" startline="63" endline="78" pcid="132"></source>
<source file="systems/Basebridge1/samurana/case3/Logs.java" startline="46" endline="61" pcid="119"></source>
</clone>

<clone nlines="16" similarity="100">
<source file="systems/Basebridge1/samurana/case3/Logs1.java" startline="46" endline="61" pcid="131"></source>
<source file="systems/Basebridge1/samurana/case3/Logs.java" startline="46" endline="61" pcid="119"></source>
</clone>

<clone nlines="16" similarity="72">
<source file="systems/Basebridge1/samurana/case3/Logs.java" startline="63" endline="78" pcid="120"></source>
<source file="systems/Basebridge1/samurana/case3/Logs.java" startline="80" endline="95" pcid="121"></source>
</clone>

<clone nlines="16" similarity="72">
<source file="systems/Basebridge1/samurana/case3/Logs1.java" startline="80" endline="95" pcid="133"></source>
<source file="systems/Basebridge1/samurana/case3/Logs.java" startline="63" endline="78" pcid="120"></source>
</clone>

<clone nlines="16" similarity="100">
<source file="systems/Basebridge1/samurana/case3/Logs1.java" startline="63" endline="78" pcid="132"></source>
<source file="systems/Basebridge1/samurana/case3/Logs.java" startline="63" endline="78" pcid="120"></source>
</clone>

<clone nlines="16" similarity="81">
<source file="systems/Basebridge1/samurana/case3/Logs1.java" startline="46" endline="61" pcid="131"></source>
<source file="systems/Basebridge1/samurana/case3/Logs.java" startline="63" endline="78" pcid="120"></source>
</clone>

<clone nlines="16" similarity="100">
<source file="systems/Basebridge1/samurana/case3/Logs1.java" startline="80" endline="95" pcid="133"></source>
<source file="systems/Basebridge1/samurana/case3/Logs.java" startline="80" endline="95" pcid="121"></source>
</clone>

<clone nlines="16" similarity="72">
<source file="systems/Basebridge1/samurana/case3/Logs1.java" startline="63" endline="78" pcid="132"></source>
<source file="systems/Basebridge1/samurana/case3/Logs.java" startline="80" endline="95" pcid="121"></source>
</clone>

<clone nlines="16" similarity="72">
<source file="systems/Basebridge1/samurana/case3/Logs1.java" startline="46" endline="61" pcid="131"></source>
<source file="systems/Basebridge1/samurana/case3/Logs.java" startline="80" endline="95" pcid="121"></source>
</clone>

<clone nlines="14" similarity="100">
<source file="systems/Basebridge1/Arm Wrestling/INotificationSideChannel.java" startline="125" endline="138" pcid="202"></source>
<source file="systems/Basebridge1/Arm Wrestling/INotificationSideChannel.java" startline="199" endline="212" pcid="208"></source>
</clone>

<clone nlines="16" similarity="72">
<source file="systems/Basebridge1/samurana/case3/Logs1.java" startline="63" endline="78" pcid="132"></source>
<source file="systems/Basebridge1/samurana/case3/Logs1.java" startline="80" endline="95" pcid="133"></source>
</clone>

<clone nlines="16" similarity="72">
<source file="systems/Basebridge1/samurana/case3/Logs1.java" startline="46" endline="61" pcid="131"></source>
<source file="systems/Basebridge1/samurana/case3/Logs1.java" startline="80" endline="95" pcid="133"></source>
</clone>

<clone nlines="16" similarity="81">
<source file="systems/Basebridge1/samurana/case3/Logs1.java" startline="46" endline="61" pcid="131"></source>
<source file="systems/Basebridge1/samurana/case3/Logs1.java" startline="63" endline="78" pcid="132"></source>
</clone>

<clone nlines="12" similarity="100">
<source file="systems/Basebridge1/samurana/case4/BaseSqlManager.java" startline="29" endline="40" pcid="172"></source>
<source file="systems/Basebridge1/Basebridge3/com/zhangling/anTest01/db/BaseSqlManager.java" startline="29" endline="40" pcid="347"></source>
</clone>

<clone nlines="11" similarity="100">
<source file="systems/Basebridge1/samurana/case5/ContentInfo.java" startline="365" endline="375" pcid="157"></source>
<source file="systems/Basebridge1/Basebridge3/com/zhangling/anTest01/db/ContentInfo.java" startline="365" endline="375" pcid="337"></source>
</clone>

<clone nlines="11" similarity="100">
<source file="systems/Basebridge1/samurana/case7/ContentInfo.java" startline="365" endline="375" pcid="78"></source>
<source file="systems/Basebridge1/Basebridge3/com/zhangling/anTest01/db/ContentInfo.java" startline="365" endline="375" pcid="337"></source>
</clone>

<clone nlines="11" similarity="100">
<source file="systems/Basebridge1/samurana/case5/ContentInfo.java" startline="365" endline="375" pcid="157"></source>
<source file="systems/Basebridge1/samurana/case7/ContentInfo.java" startline="365" endline="375" pcid="78"></source>
</clone>

<clone nlines="10" similarity="100">
<source file="systems/Basebridge1/samurana/case3/Logs1.java" startline="16" endline="27" pcid="129"></source>
<source file="systems/Basebridge1/Basebridge2/com/keji/util/Logs.java" startline="16" endline="27" pcid="61"></source>
</clone>

<clone nlines="10" similarity="100">
<source file="systems/Basebridge1/samurana/case3/Logs1.java" startline="16" endline="27" pcid="129"></source>
<source file="systems/Basebridge1/samurana/case3/Logs.java" startline="16" endline="27" pcid="117"></source>
</clone>

<clone nlines="10" similarity="100">
<source file="systems/Basebridge1/samurana/case3/Logs1.java" startline="16" endline="27" pcid="129"></source>
<source file="systems/Basebridge1/Basebridge3/com/zhangling/util/Logs.java" startline="16" endline="27" pcid="226"></source>
</clone>

<clone nlines="10" similarity="100">
<source file="systems/Basebridge1/samurana/case3/Logs.java" startline="16" endline="27" pcid="117"></source>
<source file="systems/Basebridge1/Basebridge2/com/keji/util/Logs.java" startline="16" endline="27" pcid="61"></source>
</clone>

<clone nlines="10" similarity="100">
<source file="systems/Basebridge1/Basebridge2/com/keji/util/Logs.java" startline="16" endline="27" pcid="61"></source>
<source file="systems/Basebridge1/Basebridge3/com/zhangling/util/Logs.java" startline="16" endline="27" pcid="226"></source>
</clone>

<clone nlines="10" similarity="100">
<source file="systems/Basebridge1/samurana/case3/Logs.java" startline="16" endline="27" pcid="117"></source>
<source file="systems/Basebridge1/Basebridge3/com/zhangling/util/Logs.java" startline="16" endline="27" pcid="226"></source>
</clone>

</clones>
